Sample,Proj,Donor,Condition,Time,Tech_Rep,Seq_Rep,RNAextractDate,RNAextractTime,RNAextractionKitBatch,RNAQubit,RIN,RNATapeStationDate,RNAshippedDate,SequencingBatch,NYGCQC,Read1,Read2,Sequencing_Directory
CQTL_AM7180_R_CTL_18_1,CQTL,AM7180,CTL,18,1,1,2020-09-08T00:00:00Z,1899-12-30T11:30:00Z,1,104,9.6,2020-09-08T15:00:00Z,2020-09-09T11:00:00Z,Project_PHA_14470_B01_EXS_RNA.2020-12-01,PASS,chQTL-AM7180-00_CCGCGGTT-AGCGCTAG_HG7V3DSXY_L002_001.R1.fastq.gz,chQTL-AM7180-00_CCGCGGTT-AGCGCTAG_HG7V3DSXY_L002_001.R2.fastq.gz,/proj/phanstiel_lab/Data/raw/CQTL/rna/Project_PHA_14470_B01_EXS_RNA.2020-12-01/Sample_chQTL-AM7180-00/fastq/
CQTL_AM7180_R_FNF_18_1,CQTL,AM7180,FNF,18,1,1,2020-09-08T00:00:00Z,1899-12-30T11:30:00Z,1,108,9.6,2020-09-08T15:00:00Z,2020-09-09T11:00:00Z,Project_PHA_14470_B01_EXS_RNA.2020-12-01,PASS,chQTL-AM7180-18_TTATAACC-GATATCGA_HG7V3DSXY_L002_001.R1.fastq.gz,chQTL-AM7180-18_TTATAACC-GATATCGA_HG7V3DSXY_L002_001.R2.fastq.gz,/proj/phanstiel_lab/Data/raw/CQTL/rna/Project_PHA_14470_B01_EXS_RNA.2020-12-01/Sample_chQTL-AM7180-18/fastq/
CQTL_AM7181_R_CTL_18_1,CQTL,AM7181,CTL,18,1,1,2020-09-08T00:00:00Z,1899-12-30T11:30:00Z,1,90.6,9.5,2020-09-08T15:00:00Z,2020-09-09T11:00:00Z,Project_PHA_14470_B01_EXS_RNA.2020-12-01,PASS,chQTL-AM7181-00_GGACTTGG-CGCAGACG_HG7V3DSXY_L002_001.R1.fastq.gz,chQTL-AM7181-00_GGACTTGG-CGCAGACG_HG7V3DSXY_L002_001.R2.fastq.gz,/proj/phanstiel_lab/Data/raw/CQTL/rna/Project_PHA_14470_B01_EXS_RNA.2020-12-01/Sample_chQTL-AM7181-00/fastq/
CQTL_AM7181_R_FNF_18_1,CQTL,AM7181,FNF,18,1,1,2020-09-08T00:00:00Z,1899-12-30T11:30:00Z,1,112,9.8,2020-09-08T15:00:00Z,2020-09-09T11:00:00Z,Project_PHA_14470_B01_EXS_RNA.2020-12-01,PASS,chQTL-AM7181-18_AAGTCCAA-TATGAGTA_HG7V3DSXY_L002_001.R1.fastq.gz,chQTL-AM7181-18_AAGTCCAA-TATGAGTA_HG7V3DSXY_L002_001.R2.fastq.gz,/proj/phanstiel_lab/Data/raw/CQTL/rna/Project_PHA_14470_B01_EXS_RNA.2020-12-01/Sample_chQTL-AM7181-18/fastq/
CQTL_AM7182_R_CTL_18_1,CQTL,AM7182,CTL,18,1,1,2020-09-08T00:00:00Z,1899-12-30T11:30:00Z,1,94.8,10,2020-09-08T15:00:00Z,2020-09-09T11:00:00Z,Project_PHA_14470_B01_EXS_RNA.2020-12-01,PASS,chQTL-AM7182-00_ATCCACTG-AGGTGCGT_HG7V3DSXY_L002_001.R1.fastq.gz,chQTL-AM7182-00_ATCCACTG-AGGTGCGT_HG7V3DSXY_L002_001.R2.fastq.gz,/proj/phanstiel_lab/Data/raw/CQTL/rna/Project_PHA_14470_B01_EXS_RNA.2020-12-01/Sample_chQTL-AM7182-00/fastq/
CQTL_AM7182_R_FNF_18_1,CQTL,AM7182,FNF,18,1,1,2020-09-08T00:00:00Z,1899-12-30T11:30:00Z,1,96.6,10,2020-09-08T15:00:00Z,2020-09-09T11:00:00Z,Project_PHA_14470_B01_EXS_RNA.2020-12-01,PASS,chQTL-AM7182-18_GCTTGTCA-GAACATAC_HG7V3DSXY_L002_001.R1.fastq.gz,chQTL-AM7182-18_GCTTGTCA-GAACATAC_HG7V3DSXY_L002_001.R2.fastq.gz,/proj/phanstiel_lab/Data/raw/CQTL/rna/Project_PHA_14470_B01_EXS_RNA.2020-12-01/Sample_chQTL-AM7182-18/fastq/
CQTL_AM7188_R_CTL_18_1,CQTL,AM7188,CTL,18,1,1,2020-09-08T00:00:00Z,1899-12-30T11:30:00Z,1,89.8,9.9,2020-09-08T15:00:00Z,2020-09-09T11:00:00Z,Project_PHA_14470_B01_EXS_RNA.2020-12-01,PASS,chQTL-AM7188-00_CAAGCTAG-ACATAGCG_HG7V3DSXY_L002_001.R1.fastq.gz,chQTL-AM7188-00_CAAGCTAG-ACATAGCG_HG7V3DSXY_L002_001.R2.fastq.gz,/proj/phanstiel_lab/Data/raw/CQTL/rna/Project_PHA_14470_B01_EXS_RNA.2020-12-01/Sample_chQTL-AM7188-00/fastq/
CQTL_AM7188_R_FNF_18_1,CQTL,AM7188,FNF,18,1,1,2020-09-08T00:00:00Z,1899-12-30T11:30:00Z,1,126,9.9,2020-09-08T15:00:00Z,2020-09-09T11:00:00Z,Project_PHA_14470_B01_EXS_RNA.2020-12-01,PASS,chQTL-AM7188-18_TGGATCGA-GTGCGATA_HG7V3DSXY_L002_001.R1.fastq.gz,chQTL-AM7188-18_TGGATCGA-GTGCGATA_HG7V3DSXY_L002_001.R2.fastq.gz,/proj/phanstiel_lab/Data/raw/CQTL/rna/Project_PHA_14470_B01_EXS_RNA.2020-12-01/Sample_chQTL-AM7188-18/fastq/
CQTL_AM7189_R_CTL_18_1,CQTL,AM7189,CTL,18,1,1,2020-09-08T00:00:00Z,1899-12-30T11:30:00Z,1,85.8,9.9,2020-09-08T15:00:00Z,2020-09-09T11:00:00Z,Project_PHA_14470_B01_EXS_RNA.2020-12-01,PASS,chQTL-AM7189-00_AGTTCAGG-CCAACAGA_HG7V3DSXY_L002_001.R1.fastq.gz,chQTL-AM7189-00_AGTTCAGG-CCAACAGA_HG7V3DSXY_L002_001.R2.fastq.gz,/proj/phanstiel_lab/Data/raw/CQTL/rna/Project_PHA_14470_B01_EXS_RNA.2020-12-01/Sample_chQTL-AM7189-00/fastq/
CQTL_AM7189_R_FNF_18_1,CQTL,AM7189,FNF,18,1,1,2020-09-08T00:00:00Z,1899-12-30T11:30:00Z,1,89.2,9.8,2020-09-08T15:00:00Z,2020-09-09T11:00:00Z,Project_PHA_14470_B01_EXS_RNA.2020-12-01,PASS,chQTL-AM7189-18_GACCTGAA-TTGGTGAG_HG7V3DSXY_L002_001.R1.fastq.gz,chQTL-AM7189-18_GACCTGAA-TTGGTGAG_HG7V3DSXY_L002_001.R2.fastq.gz,/proj/phanstiel_lab/Data/raw/CQTL/rna/Project_PHA_14470_B01_EXS_RNA.2020-12-01/Sample_chQTL-AM7189-18/fastq/
CQTL_AM7196_R_CTL_18_1,CQTL,AM7196,CTL,18,1,1,2020-09-08T00:00:00Z,1899-12-30T11:30:00Z,1,67,10,2020-09-08T15:00:00Z,2020-09-09T11:00:00Z,Project_PHA_14470_B01_EXS_RNA.2020-12-01,PASS,chQTL-AM7196-00_TCTCTACT-CGCGGTTC_HG7V3DSXY_L002_001.R1.fastq.gz,chQTL-AM7196-00_TCTCTACT-CGCGGTTC_HG7V3DSXY_L002_001.R2.fastq.gz,/proj/phanstiel_lab/Data/raw/CQTL/rna/Project_PHA_14470_B01_EXS_RNA.2020-12-01/Sample_chQTL-AM7196-00/fastq/
CQTL_AM7196_R_FNF_18_1,CQTL,AM7196,FNF,18,1,1,2020-09-08T00:00:00Z,1899-12-30T11:30:00Z,1,67,9.9,2020-09-08T15:00:00Z,2020-09-09T11:00:00Z,Project_PHA_14470_B01_EXS_RNA.2020-12-01,PASS,chQTL-AM7196-18_CTCTCGTC-TATAACCT_HG7V3DSXY_L002_001.R1.fastq.gz,chQTL-AM7196-18_CTCTCGTC-TATAACCT_HG7V3DSXY_L002_001.R2.fastq.gz,/proj/phanstiel_lab/Data/raw/CQTL/rna/Project_PHA_14470_B01_EXS_RNA.2020-12-01/Sample_chQTL-AM7196-18/fastq/
CQTL_AM7197_R_CTL_18_1,CQTL,AM7197,CTL,18,1,1,2020-09-08T00:00:00Z,1899-12-30T11:30:00Z,1,106,9.9,2020-09-08T15:00:00Z,2020-09-09T11:00:00Z,Project_PHA_14470_B01_EXS_RNA.2020-12-01,PASS,chQTL-AM7197-00_CCAAGTCT-AAGGATGA_HG7V3DSXY_L002_001.R1.fastq.gz,chQTL-AM7197-00_CCAAGTCT-AAGGATGA_HG7V3DSXY_L002_001.R2.fastq.gz,/proj/phanstiel_lab/Data/raw/CQTL/rna/Project_PHA_14470_B01_EXS_RNA.2020-12-01/Sample_chQTL-AM7197-00/fastq/
CQTL_AM7203_R_CTL_18_1,CQTL,AM7203,CTL,18,1,1,2020-09-08T00:00:00Z,1899-12-30T11:30:00Z,1,74,10,2020-09-08T15:00:00Z,2020-09-09T11:00:00Z,Project_PHA_14470_B01_EXS_RNA.2020-12-01,PASS,chQTL-AM7203-00_TTGGACTC-GGAAGCAG_HG7V3DSXY_L002_001.R1.fastq.gz,chQTL-AM7203-00_TTGGACTC-GGAAGCAG_HG7V3DSXY_L002_001.R2.fastq.gz,/proj/phanstiel_lab/Data/raw/CQTL/rna/Project_PHA_14470_B01_EXS_RNA.2020-12-01/Sample_chQTL-AM7203-00/fastq/
CQTL_AM7203_R_FNF_18_1,CQTL,AM7203,FNF,18,1,1,2020-09-08T00:00:00Z,1899-12-30T11:30:00Z,1,83.2,9.9,2020-09-08T15:00:00Z,2020-09-09T11:00:00Z,Project_PHA_14470_B01_EXS_RNA.2020-12-01,PASS,chQTL-AM7203-18_GGCTTAAG-TCGTGACC_HG7V3DSXY_L003_001.R1.fastq.gz,chQTL-AM7203-18_GGCTTAAG-TCGTGACC_HG7V3DSXY_L003_001.R2.fastq.gz,/proj/phanstiel_lab/Data/raw/CQTL/rna/Project_PHA_14470_B01_EXS_RNA.2020-12-01/Sample_chQTL-AM7203-18/fastq/
CQTL_AM7203_R_FNF_18_1,CQTL,AM7203,FNF,18,1,2,2020-09-08T00:00:00Z,1899-12-30T11:30:00Z,1,83.2,9.9,2020-09-08T15:00:00Z,2020-09-09T11:00:00Z,Project_PHA_14470_B01_EXS_RNA.2020-12-01,PASS,chQTL-AM7203-18_GGCTTAAG-TCGTGACC_HLKFMDSXY_L002_001.R1.fastq.gz,chQTL-AM7203-18_GGCTTAAG-TCGTGACC_HLKFMDSXY_L002_001.R2.fastq.gz,/proj/phanstiel_lab/Data/raw/CQTL/rna/Project_PHA_14470_B01_EXS_RNA.2020-12-01/Sample_chQTL-AM7203-18/fastq/
CQTL_AM7204_R_CTL_18_1,CQTL,AM7204,CTL,18,1,1,2020-09-08T00:00:00Z,1899-12-30T11:30:00Z,1,116,9.9,2020-09-08T15:00:00Z,2020-09-09T11:00:00Z,Project_PHA_14470_B01_EXS_RNA.2020-12-01,PASS,chQTL-AM7204-00_AATCCGGA-CTACAGTT_HG7V3DSXY_L003_001.R1.fastq.gz,chQTL-AM7204-00_AATCCGGA-CTACAGTT_HG7V3DSXY_L003_001.R2.fastq.gz,/proj/phanstiel_lab/Data/raw/CQTL/rna/Project_PHA_14470_B01_EXS_RNA.2020-12-01/Sample_chQTL-AM7204-00/fastq/
CQTL_AM7204_R_FNF_18_1,CQTL,AM7204,FNF,18,1,1,2020-09-08T00:00:00Z,1899-12-30T11:30:00Z,1,118,9.8,2020-09-08T15:00:00Z,2020-09-09T11:00:00Z,Project_PHA_14470_B01_EXS_RNA.2020-12-01,PASS,chQTL-AM7204-18_TAATACAG-ATATTCAC_HG7V3DSXY_L003_001.R1.fastq.gz,chQTL-AM7204-18_TAATACAG-ATATTCAC_HG7V3DSXY_L003_001.R2.fastq.gz,/proj/phanstiel_lab/Data/raw/CQTL/rna/Project_PHA_14470_B01_EXS_RNA.2020-12-01/Sample_chQTL-AM7204-18/fastq/
CQTL_AM7204_R_FNF_18_1,CQTL,AM7204,FNF,18,1,2,2020-09-08T00:00:00Z,1899-12-30T11:30:00Z,1,118,9.8,2020-09-08T15:00:00Z,2020-09-09T11:00:00Z,Project_PHA_14470_B01_EXS_RNA.2020-12-01,PASS,chQTL-AM7204-18_TAATACAG-ATATTCAC_HLKFMDSXY_L002_001.R1.fastq.gz,chQTL-AM7204-18_TAATACAG-ATATTCAC_HLKFMDSXY_L002_001.R2.fastq.gz,/proj/phanstiel_lab/Data/raw/CQTL/rna/Project_PHA_14470_B01_EXS_RNA.2020-12-01/Sample_chQTL-AM7204-18/fastq/
CQTL_AM7205_R_CTL_18_1,CQTL,AM7205,CTL,18,1,1,2020-09-08T00:00:00Z,1899-12-30T11:30:00Z,1,134,9.8,2020-09-08T15:00:00Z,2020-09-09T11:00:00Z,Project_PHA_14470_B01_EXS_RNA.2020-12-01,PASS,chQTL-AM7205-00_CGGCGTGA-GCGCCTGT_HG7V3DSXY_L003_001.R1.fastq.gz,chQTL-AM7205-00_CGGCGTGA-GCGCCTGT_HG7V3DSXY_L003_001.R2.fastq.gz,/proj/phanstiel_lab/Data/raw/CQTL/rna/Project_PHA_14470_B01_EXS_RNA.2020-12-01/Sample_chQTL-AM7205-00/fastq/
CQTL_AM7205_R_CTL_18_1,CQTL,AM7205,CTL,18,1,2,2020-09-08T00:00:00Z,1899-12-30T11:30:00Z,1,134,9.8,2020-09-08T15:00:00Z,2020-09-09T11:00:00Z,Project_PHA_14470_B01_EXS_RNA.2020-12-01,PASS,chQTL-AM7205-00_CGGCGTGA-GCGCCTGT_HLKFMDSXY_L002_001.R1.fastq.gz,chQTL-AM7205-00_CGGCGTGA-GCGCCTGT_HLKFMDSXY_L002_001.R2.fastq.gz,/proj/phanstiel_lab/Data/raw/CQTL/rna/Project_PHA_14470_B01_EXS_RNA.2020-12-01/Sample_chQTL-AM7205-00/fastq/
CQTL_AM7205_R_CTL_18_1,CQTL,AM7205,CTL,18,1,3,2020-09-08T00:00:00Z,1899-12-30T11:30:00Z,1,134,9.8,2020-09-08T15:00:00Z,2020-09-09T11:00:00Z,Project_PHA_14470_B01_EXS_RNA.2020-12-01,PASS,chQTL-AM7205-00_CGGCGTGA-GCGCCTGT_HLFF2DSXY_L002_001.R1.fastq.gz,chQTL-AM7205-00_CGGCGTGA-GCGCCTGT_HLFF2DSXY_L002_001.R2.fastq.gz,/proj/phanstiel_lab/Data/raw/CQTL/rna/Project_PHA_14470_B01_EXS_RNA.2020-12-01/Sample_chQTL-AM7205-00/fastq/
CQTL_AM7205_R_FNF_18_1,CQTL,AM7205,FNF,18,1,1,2020-09-08T00:00:00Z,1899-12-30T11:30:00Z,1,106,9.8,2020-09-08T15:00:00Z,2020-09-09T11:00:00Z,Project_PHA_14470_B01_EXS_RNA.2020-12-01,PASS,chQTL-AM7205-18_ATGTAAGT-ACTCTATG_HG7V3DSXY_L003_001.R1.fastq.gz,chQTL-AM7205-18_ATGTAAGT-ACTCTATG_HG7V3DSXY_L003_001.R2.fastq.gz,/proj/phanstiel_lab/Data/raw/CQTL/rna/Project_PHA_14470_B01_EXS_RNA.2020-12-01/Sample_chQTL-AM7205-18/fastq/
CQTL_AM7197_R_FNF_18_1,CQTL,AM7197,FNF,18,1,1,2020-09-21T00:00:00Z,1899-12-30T10:00:00Z,1,80.6,9.7,2020-09-21T11:15:00Z,2020-09-21T16:00:00Z,Project_PHA_14470_B01_EXS_RNA.2020-12-01,PASS,chQTL-AM7197-18-2_GCACGGAC-GTCTCGCA_HG7V3DSXY_L003_001.R1.fastq.gz,chQTL-AM7197-18-2_GCACGGAC-GTCTCGCA_HG7V3DSXY_L003_001.R2.fastq.gz,/proj/phanstiel_lab/Data/raw/CQTL/rna/Project_PHA_14470_B01_EXS_RNA.2020-12-01/Sample_chQTL-AM7197-18-2/fastq/
CQTL_AM7208_R_CTL_18_1,CQTL,AM7208,CTL,18,1,1,2020-10-07T00:00:00Z,1899-12-30T13:00:00Z,2,100,9.8,2020-10-07T15:15:00Z,2020-10-08T11:15:00Z,Project_PHA_14470_B01_EXS_RNA.2020-12-21,PASS,chQTL-AM7208-00_ACGCACCT-GGTGAAGG_HT7VHDSXY_L001_001.R1.fastq.gz,chQTL-AM7208-00_ACGCACCT-GGTGAAGG_HT7VHDSXY_L001_001.R2.fastq.gz,/proj/phanstiel_lab/Data/raw/CQTL/rna/Project_PHA_14470_B01_EXS_RNA.2020-12-21/Sample_chQTL-AM7208-00/fastq/
CQTL_AM7208_R_FNF_18_1,CQTL,AM7208,FNF,18,1,1,2020-10-07T00:00:00Z,1899-12-30T13:00:00Z,2,124,9.7,2020-10-07T15:15:00Z,2020-10-08T11:15:00Z,Project_PHA_14470_B01_EXS_RNA.2020-12-21,PASS,chQTL-AM7208-18_TACTCATA-CCTGTGGC_HT7VHDSXY_L003_001.R1.fastq.gz,chQTL-AM7208-18_TACTCATA-CCTGTGGC_HT7VHDSXY_L003_001.R2.fastq.gz,/proj/phanstiel_lab/Data/raw/CQTL/rna/Project_PHA_14470_B01_EXS_RNA.2020-12-21/Sample_chQTL-AM7208-18/fastq/
CQTL_AM7209_R_CTL_18_1,CQTL,AM7209,CTL,18,1,1,2020-10-07T00:00:00Z,1899-12-30T13:00:00Z,2,130,9.7,2020-10-07T15:15:00Z,2020-10-08T11:15:00Z,Project_PHA_14470_B01_EXS_RNA.2020-12-21,PASS,chQTL-AM7209-00_CGTCTGCG-TTCACAAT_HT7VHDSXY_L002_001.R1.fastq.gz,chQTL-AM7209-00_CGTCTGCG-TTCACAAT_HT7VHDSXY_L002_001.R2.fastq.gz,/proj/phanstiel_lab/Data/raw/CQTL/rna/Project_PHA_14470_B01_EXS_RNA.2020-12-21/Sample_chQTL-AM7209-00/fastq/
CQTL_AM7209_R_FNF_18_1,CQTL,AM7209,FNF,18,1,1,2020-10-07T00:00:00Z,1899-12-30T13:00:00Z,2,138,9.6,2020-10-07T15:15:00Z,2020-10-08T11:15:00Z,Project_PHA_14470_B01_EXS_RNA.2020-12-21,PASS,chQTL-AM7209-18_TCGATATC-ACACGAGT_HT7VHDSXY_L003_001.R1.fastq.gz,chQTL-AM7209-18_TCGATATC-ACACGAGT_HT7VHDSXY_L003_001.R2.fastq.gz,/proj/phanstiel_lab/Data/raw/CQTL/rna/Project_PHA_14470_B01_EXS_RNA.2020-12-21/Sample_chQTL-AM7209-18/fastq/
CQTL_AM7211_R_CTL_18_1,CQTL,AM7211,CTL,18,1,1,2020-10-07T00:00:00Z,1899-12-30T13:00:00Z,2,88,9.8,2020-10-07T15:15:00Z,2020-10-08T11:15:00Z,Project_PHA_14470_B01_EXS_RNA.2020-12-21,PASS,chQTL-AM7211-00_CTAGCGCT-GTGTAGAC_HT7VHDSXY_L003_001.R1.fastq.gz,chQTL-AM7211-00_CTAGCGCT-GTGTAGAC_HT7VHDSXY_L003_001.R2.fastq.gz,/proj/phanstiel_lab/Data/raw/CQTL/rna/Project_PHA_14470_B01_EXS_RNA.2020-12-21/Sample_chQTL-AM7211-00/fastq/
CQTL_AM7211_R_FNF_18_1,CQTL,AM7211,FNF,18,1,1,2020-10-07T00:00:00Z,1899-12-30T13:00:00Z,2,58.8,9.8,2020-10-07T15:15:00Z,2020-10-08T11:15:00Z,Project_PHA_14470_B01_EXS_RNA.2020-12-21,PASS,chQTL-AM7211-18_AACTGTAG-ACGCCGCA_HT7VHDSXY_L003_001.R1.fastq.gz,chQTL-AM7211-18_AACTGTAG-ACGCCGCA_HT7VHDSXY_L003_001.R2.fastq.gz,/proj/phanstiel_lab/Data/raw/CQTL/rna/Project_PHA_14470_B01_EXS_RNA.2020-12-21/Sample_chQTL-AM7211-18/fastq/
CQTL_AM7213_R_CTL_18_1,CQTL,AM7213,CTL,18,1,1,2020-10-07T00:00:00Z,1899-12-30T13:00:00Z,2,75.8,9.8,2020-10-07T15:15:00Z,2020-10-08T11:15:00Z,Project_PHA_14470_B01_EXS_RNA.2020-12-21,PASS,chQTL-AM7213-00_GGTCACGA-GTATTATG_HT7VHDSXY_L003_001.R1.fastq.gz,chQTL-AM7213-00_GGTCACGA-GTATTATG_HT7VHDSXY_L003_001.R2.fastq.gz,/proj/phanstiel_lab/Data/raw/CQTL/rna/Project_PHA_14470_B01_EXS_RNA.2020-12-21/Sample_chQTL-AM7213-00/fastq/
CQTL_AM7213_R_FNF_18_1,CQTL,AM7213,FNF,18,1,1,2020-10-07T00:00:00Z,1899-12-30T13:00:00Z,2,47.2,9.8,2020-10-07T15:15:00Z,2020-10-08T11:15:00Z,Project_PHA_14470_B01_EXS_RNA.2020-12-21,PASS,chQTL-AM7213-18_CTGCTTCC-GATAGATC_HT7VHDSXY_L003_001.R1.fastq.gz,chQTL-AM7213-18_CTGCTTCC-GATAGATC_HT7VHDSXY_L003_001.R2.fastq.gz,/proj/phanstiel_lab/Data/raw/CQTL/rna/Project_PHA_14470_B01_EXS_RNA.2020-12-21/Sample_chQTL-AM7213-18/fastq/
CQTL_AM7214_R_CTL_18_1,CQTL,AM7214,CTL,18,1,1,2020-10-07T00:00:00Z,1899-12-30T13:00:00Z,2,79.8,9.9,2020-10-07T15:15:00Z,2020-10-08T11:15:00Z,Project_PHA_14535_B01_EXS_RNA.2020-12-21,PASS,chQTL-AM7214-00_TCTGTTGG-TCGAATGG_HT7VHDSXY_L003_001.R1.fastq.gz,chQTL-AM7214-00_TCTGTTGG-TCGAATGG_HT7VHDSXY_L003_001.R2.fastq.gz,/proj/phanstiel_lab/Data/raw/CQTL/rna/Project_PHA_14535_B01_EXS_RNA.2020-12-21/Sample_chQTL-AM7214-00/fastq/
CQTL_AM7214_R_FNF_18_1,CQTL,AM7214,FNF,18,1,1,2020-10-07T00:00:00Z,1899-12-30T13:00:00Z,2,98,9.9,2020-10-07T15:15:00Z,2020-10-08T11:15:00Z,Project_PHA_14535_B01_EXS_RNA.2020-12-21,PASS,chQTL-AM7214-18_CAATTAAC-CGAGATAT_HT7VHDSXY_L001_001.R1.fastq.gz,chQTL-AM7214-18_CAATTAAC-CGAGATAT_HT7VHDSXY_L001_001.R2.fastq.gz,/proj/phanstiel_lab/Data/raw/CQTL/rna/Project_PHA_14535_B01_EXS_RNA.2020-12-21/Sample_chQTL-AM7214-18/fastq/
CQTL_AM7215_R_CTL_18_1,CQTL,AM7215,CTL,18,1,1,2020-10-07T00:00:00Z,1899-12-30T13:00:00Z,2,87,9.6,2020-10-07T15:15:00Z,2020-10-08T11:15:00Z,Project_PHA_14535_B01_EXS_RNA.2020-12-21,PASS,chQTL-AM7215-00_TGGCCGGT-TAGAGCGC_HT7VHDSXY_L003_001.R1.fastq.gz,chQTL-AM7215-00_TGGCCGGT-TAGAGCGC_HT7VHDSXY_L003_001.R2.fastq.gz,/proj/phanstiel_lab/Data/raw/CQTL/rna/Project_PHA_14535_B01_EXS_RNA.2020-12-21/Sample_chQTL-AM7215-00/fastq/
CQTL_AM7215_R_FNF_18_1,CQTL,AM7215,FNF,18,1,1,2020-10-07T00:00:00Z,1899-12-30T13:00:00Z,2,78.8,9.6,2020-10-07T15:15:00Z,2020-10-08T11:15:00Z,Project_PHA_14535_B01_EXS_RNA.2020-12-21,PASS,chQTL-AM7215-18_AGTACTCC-AACCTGTT_HT7VHDSXY_L003_001.R1.fastq.gz,chQTL-AM7215-18_AGTACTCC-AACCTGTT_HT7VHDSXY_L003_001.R2.fastq.gz,/proj/phanstiel_lab/Data/raw/CQTL/rna/Project_PHA_14535_B01_EXS_RNA.2020-12-21/Sample_chQTL-AM7215-18/fastq/
CQTL_AM7216_R_CTL_18_1,CQTL,AM7216,CTL,18,1,1,2020-10-07T00:00:00Z,1899-12-30T13:00:00Z,2,91.6,9.9,2020-10-07T15:15:00Z,2020-10-08T11:15:00Z,Project_PHA_14470_B01_EXS_RNA.2020-12-21,PASS,chQTL-AM7216-00_TCATCCTT-AGCGAGCT_HT7VHDSXY_L003_001.R1.fastq.gz,chQTL-AM7216-00_TCATCCTT-AGCGAGCT_HT7VHDSXY_L003_001.R2.fastq.gz,/proj/phanstiel_lab/Data/raw/CQTL/rna/Project_PHA_14470_B01_EXS_RNA.2020-12-21/Sample_chQTL-AM7216-00/fastq/
CQTL_AM7216_R_FNF_18_1,CQTL,AM7216,FNF,18,1,1,2020-10-07T00:00:00Z,1899-12-30T13:00:00Z,2,118,9.9,2020-10-07T15:15:00Z,2020-10-08T11:15:00Z,Project_PHA_14470_B01_EXS_RNA.2020-12-21,PASS,chQTL-AM7216-18_AGGTTATA-CAGTTCCG_HT7VHDSXY_L003_001.R1.fastq.gz,chQTL-AM7216-18_AGGTTATA-CAGTTCCG_HT7VHDSXY_L003_001.R2.fastq.gz,/proj/phanstiel_lab/Data/raw/CQTL/rna/Project_PHA_14470_B01_EXS_RNA.2020-12-21/Sample_chQTL-AM7216-18/fastq/
CQTL_AM7221_R_CTL_18_1,CQTL,AM7221,CTL,18,1,1,2020-11-30T00:00:00Z,1899-12-30T10:00:00Z,3,108,9.5,2020-11-30T12:00:00Z,2020-12-02T15:00:00Z,Project_PHA_14535_B02_EXS_RNA.2021-02-26,PASS,chQTL-AM7221-00_CCGCGGTT-AGCGCTAG_HTKWGDSXY_L004_001.R1.fastq.gz,chQTL-AM7221-00_CCGCGGTT-AGCGCTAG_HTKWGDSXY_L004_001.R2.fastq.gz,/proj/phanstiel_lab/Data/raw/CQTL/rna/Project_PHA_14535_B02_EXS_RNA.2021-02-26/Sample_chQTL-AM7221-00/fastq/
CQTL_AM7221_R_FNF_18_1,CQTL,AM7221,FNF,18,1,1,2020-11-30T00:00:00Z,1899-12-30T10:00:00Z,3,72.8,9.7,2020-11-30T12:00:00Z,2020-12-02T15:00:00Z,Project_PHA_14535_B02_EXS_RNA.2021-02-26,PASS,chQTL-AM7221-18_TTATAACC-GATATCGA_HTKWGDSXY_L004_001.R1.fastq.gz,chQTL-AM7221-18_TTATAACC-GATATCGA_HTKWGDSXY_L004_001.R2.fastq.gz,/proj/phanstiel_lab/Data/raw/CQTL/rna/Project_PHA_14535_B02_EXS_RNA.2021-02-26/Sample_chQTL-AM7221-18/fastq/
CQTL_AM7223_R_CTL_18_1,CQTL,AM7223,CTL,18,1,1,2020-11-30T00:00:00Z,1899-12-30T10:00:00Z,3,75.4,9.6,2020-11-30T12:00:00Z,2020-12-02T15:00:00Z,Project_PHA_14535_B02_EXS_RNA.2021-02-26,PASS,chQTL-AM7223-00_GGACTTGG-CGCAGACG_HTKWGDSXY_L004_001.R1.fastq.gz,chQTL-AM7223-00_GGACTTGG-CGCAGACG_HTKWGDSXY_L004_001.R2.fastq.gz,/proj/phanstiel_lab/Data/raw/CQTL/rna/Project_PHA_14535_B02_EXS_RNA.2021-02-26/Sample_chQTL-AM7223-00/fastq/
CQTL_AM7223_R_FNF_18_1,CQTL,AM7223,FNF,18,1,1,2020-11-30T00:00:00Z,1899-12-30T10:00:00Z,3,57,9.6,2020-11-30T12:00:00Z,2020-12-02T15:00:00Z,Project_PHA_14535_B02_EXS_RNA.2021-02-26,PASS,chQTL-AM7223-18_AAGTCCAA-TATGAGTA_HTKWGDSXY_L004_001.R1.fastq.gz,chQTL-AM7223-18_AAGTCCAA-TATGAGTA_HTKWGDSXY_L004_001.R2.fastq.gz,/proj/phanstiel_lab/Data/raw/CQTL/rna/Project_PHA_14535_B02_EXS_RNA.2021-02-26/Sample_chQTL-AM7223-18/fastq/
CQTL_AM7224_R_CTL_18_1,CQTL,AM7224,CTL,18,1,1,2020-11-30T00:00:00Z,1899-12-30T10:00:00Z,3,47.8,9.8,2020-11-30T12:00:00Z,2020-12-02T15:00:00Z,Project_PHA_14535_B02_EXS_RNA.2021-02-26,PASS,chQTL-AM7224-00_ATCCACTG-AGGTGCGT_HTKWGDSXY_L004_001.R1.fastq.gz,chQTL-AM7224-00_ATCCACTG-AGGTGCGT_HTKWGDSXY_L004_001.R2.fastq.gz,/proj/phanstiel_lab/Data/raw/CQTL/rna/Project_PHA_14535_B02_EXS_RNA.2021-02-26/Sample_chQTL-AM7224-00/fastq/
CQTL_AM7224_R_FNF_18_1,CQTL,AM7224,FNF,18,1,1,2020-11-30T00:00:00Z,1899-12-30T10:00:00Z,3,81.4,9.7,2020-11-30T12:00:00Z,2020-12-02T15:00:00Z,Project_PHA_14535_B02_EXS_RNA.2021-02-26,PASS,chQTL-AM7224-18_GCTTGTCA-GAACATAC_HTKWGDSXY_L004_001.R1.fastq.gz,chQTL-AM7224-18_GCTTGTCA-GAACATAC_HTKWGDSXY_L004_001.R2.fastq.gz,/proj/phanstiel_lab/Data/raw/CQTL/rna/Project_PHA_14535_B02_EXS_RNA.2021-02-26/Sample_chQTL-AM7224-18/fastq/
CQTL_AM7226_R_CTL_18_1,CQTL,AM7226,CTL,18,1,1,2020-11-30T00:00:00Z,1899-12-30T10:00:00Z,3,36.6,9.9,2020-11-30T12:00:00Z,2020-12-02T15:00:00Z,Project_PHA_14535_B02_EXS_RNA.2021-02-26,PASS,chQTL-AM7226-00_CAAGCTAG-ACATAGCG_HTKWGDSXY_L004_001.R1.fastq.gz,chQTL-AM7226-00_CAAGCTAG-ACATAGCG_HTKWGDSXY_L004_001.R2.fastq.gz,/proj/phanstiel_lab/Data/raw/CQTL/rna/Project_PHA_14535_B02_EXS_RNA.2021-02-26/Sample_chQTL-AM7226-00/fastq/
CQTL_AM7226_R_FNF_18_1,CQTL,AM7226,FNF,18,1,1,2020-11-30T00:00:00Z,1899-12-30T10:00:00Z,3,41.8,9.8,2020-11-30T12:00:00Z,2020-12-02T15:00:00Z,Project_PHA_14535_B02_EXS_RNA.2021-02-26,PASS,chQTL-AM7226-18_TGGATCGA-GTGCGATA_HTKWGDSXY_L004_001.R1.fastq.gz,chQTL-AM7226-18_TGGATCGA-GTGCGATA_HTKWGDSXY_L004_001.R2.fastq.gz,/proj/phanstiel_lab/Data/raw/CQTL/rna/Project_PHA_14535_B02_EXS_RNA.2021-02-26/Sample_chQTL-AM7226-18/fastq/
CQTL_AM7228_R_CTL_18_1,CQTL,AM7228,CTL,18,1,1,2020-11-30T00:00:00Z,1899-12-30T10:00:00Z,3,82,9.5,2020-11-30T12:00:00Z,2020-12-02T15:00:00Z,Project_PHA_14535_B02_EXS_RNA.2021-02-26,PASS,chQTL-AM7228-00_AGTTCAGG-CCAACAGA_HTKWGDSXY_L004_001.R1.fastq.gz,chQTL-AM7228-00_AGTTCAGG-CCAACAGA_HTKWGDSXY_L004_001.R2.fastq.gz,/proj/phanstiel_lab/Data/raw/CQTL/rna/Project_PHA_14535_B02_EXS_RNA.2021-02-26/Sample_chQTL-AM7228-00/fastq/
CQTL_AM7228_R_FNF_18_1,CQTL,AM7228,FNF,18,1,1,2020-11-30T00:00:00Z,1899-12-30T10:00:00Z,3,70.8,9.8,2020-11-30T12:00:00Z,2020-12-02T15:00:00Z,Project_PHA_14535_B02_EXS_RNA.2021-02-26,PASS,chQTL-AM7228-18_GACCTGAA-TTGGTGAG_HTKWGDSXY_L004_001.R1.fastq.gz,chQTL-AM7228-18_GACCTGAA-TTGGTGAG_HTKWGDSXY_L004_001.R2.fastq.gz,/proj/phanstiel_lab/Data/raw/CQTL/rna/Project_PHA_14535_B02_EXS_RNA.2021-02-26/Sample_chQTL-AM7228-18/fastq/
CQTL_AM7229_R_CTL_18_1,CQTL,AM7229,CTL,18,1,1,2020-11-30T00:00:00Z,1899-12-30T10:00:00Z,3,68,9.8,2020-11-30T12:00:00Z,2020-12-02T15:00:00Z,Project_PHA_14535_B02_EXS_RNA.2021-02-26,PASS,chQTL-AM7229-00_TCTCTACT-CGCGGTTC_HTKWGDSXY_L004_001.R1.fastq.gz,chQTL-AM7229-00_TCTCTACT-CGCGGTTC_HTKWGDSXY_L004_001.R2.fastq.gz,/proj/phanstiel_lab/Data/raw/CQTL/rna/Project_PHA_14535_B02_EXS_RNA.2021-02-26/Sample_chQTL-AM7229-00/fastq/
CQTL_AM7229_R_FNF_18_1,CQTL,AM7229,FNF,18,1,1,2020-11-30T00:00:00Z,1899-12-30T10:00:00Z,3,85.2,9.8,2020-11-30T12:00:00Z,2020-12-02T15:00:00Z,Project_PHA_14535_B02_EXS_RNA.2021-02-26,PASS,chQTL-AM7229-18_CTCTCGTC-TATAACCT_HTKWGDSXY_L004_001.R1.fastq.gz,chQTL-AM7229-18_CTCTCGTC-TATAACCT_HTKWGDSXY_L004_001.R2.fastq.gz,/proj/phanstiel_lab/Data/raw/CQTL/rna/Project_PHA_14535_B02_EXS_RNA.2021-02-26/Sample_chQTL-AM7229-18/fastq/
CQTL_AM7230_R_CTL_18_1,CQTL,AM7230,CTL,18,1,1,2020-11-30T00:00:00Z,1899-12-30T10:00:00Z,3,69.6,9.8,2020-11-30T12:00:00Z,2020-12-02T15:00:00Z,Project_PHA_14535_B02_EXS_RNA.2021-02-26,PASS,chQTL-AM7230-00_CCAAGTCT-AAGGATGA_HTKWGDSXY_L004_001.R1.fastq.gz,chQTL-AM7230-00_CCAAGTCT-AAGGATGA_HTKWGDSXY_L004_001.R2.fastq.gz,/proj/phanstiel_lab/Data/raw/CQTL/rna/Project_PHA_14535_B02_EXS_RNA.2021-02-26/Sample_chQTL-AM7230-00/fastq/
CQTL_AM7230_R_FNF_18_1,CQTL,AM7230,FNF,18,1,1,2020-11-30T00:00:00Z,1899-12-30T10:00:00Z,3,76.8,9.8,2020-11-30T12:00:00Z,2020-12-02T15:00:00Z,Project_PHA_14535_B02_EXS_RNA.2021-02-26,PASS,chQTL-AM7230-18_TTGGACTC-GGAAGCAG_HTKWGDSXY_L004_001.R1.fastq.gz,chQTL-AM7230-18_TTGGACTC-GGAAGCAG_HTKWGDSXY_L004_001.R2.fastq.gz,/proj/phanstiel_lab/Data/raw/CQTL/rna/Project_PHA_14535_B02_EXS_RNA.2021-02-26/Sample_chQTL-AM7230-18/fastq/
CQTL_AM7236_R_CTL_18_1,CQTL,AM7236,CTL,18,1,1,2020-11-30T00:00:00Z,1899-12-30T10:00:00Z,3,82.4,9.9,2020-11-30T12:00:00Z,2020-12-02T15:00:00Z,Project_PHA_14535_B02_EXS_RNA.2021-02-26,PASS,chQTL-AM7236-00_AATCCGGA-CTACAGTT_HTKWGDSXY_L004_001.R1.fastq.gz,chQTL-AM7236-00_AATCCGGA-CTACAGTT_HTKWGDSXY_L004_001.R2.fastq.gz,/proj/phanstiel_lab/Data/raw/CQTL/rna/Project_PHA_14535_B02_EXS_RNA.2021-02-26/Sample_chQTL-AM7236-00/fastq/
CQTL_AM7236_R_FNF_18_1,CQTL,AM7236,FNF,18,1,1,2020-11-30T00:00:00Z,1899-12-30T10:00:00Z,3,80.8,9.9,2020-11-30T12:00:00Z,2020-12-02T15:00:00Z,Project_PHA_14535_B02_EXS_RNA.2021-02-26,PASS,chQTL-AM7236-18_TAATACAG-ATATTCAC_HTKWGDSXY_L004_001.R1.fastq.gz,chQTL-AM7236-18_TAATACAG-ATATTCAC_HTKWGDSXY_L004_001.R2.fastq.gz,/proj/phanstiel_lab/Data/raw/CQTL/rna/Project_PHA_14535_B02_EXS_RNA.2021-02-26/Sample_chQTL-AM7236-18/fastq/
CQTL_AM7237_R_CTL_18_1,CQTL,AM7237,CTL,18,1,1,2020-11-30T00:00:00Z,1899-12-30T10:00:00Z,3,74,9.8,2020-11-30T12:00:00Z,2020-12-02T15:00:00Z,Project_PHA_14535_B02_EXS_RNA.2021-02-26,PASS,chQTL-AM7237-00_CGGCGTGA-GCGCCTGT_HTKWGDSXY_L004_001.R1.fastq.gz,chQTL-AM7237-00_CGGCGTGA-GCGCCTGT_HTKWGDSXY_L004_001.R2.fastq.gz,/proj/phanstiel_lab/Data/raw/CQTL/rna/Project_PHA_14535_B02_EXS_RNA.2021-02-26/Sample_chQTL-AM7237-00/fastq/
CQTL_AM7237_R_FNF_18_1,CQTL,AM7237,FNF,18,1,1,2020-11-30T00:00:00Z,1899-12-30T10:00:00Z,3,70,9.7,2020-11-30T12:00:00Z,2020-12-02T15:00:00Z,Project_PHA_14535_B02_EXS_RNA.2021-02-26,PASS,chQTL-AM7237-18_ATGTAAGT-ACTCTATG_HTKWGDSXY_L004_001.R1.fastq.gz,chQTL-AM7237-18_ATGTAAGT-ACTCTATG_HTKWGDSXY_L004_001.R2.fastq.gz,/proj/phanstiel_lab/Data/raw/CQTL/rna/Project_PHA_14535_B02_EXS_RNA.2021-02-26/Sample_chQTL-AM7237-18/fastq/
CQTL_AM7241_R_CTL_18_1,CQTL,AM7241,CTL,18,1,1,2021-03-01T00:00:00Z,1899-12-30T10:30:00Z,4,56.4,9.9,2021-03-06T11:00:00Z,2021-03-08T11:00:00Z,Project_PHA_14535_B03_EXS_RNA.2021-09-16,PASS,chQTL-AM7241-00_GACGTCTT-GGTGAACC_H3FL7DSX2_L004_001.R1.fastq.gz,chQTL-AM7241-00_GACGTCTT-GGTGAACC_H3FL7DSX2_L004_001.R2.fastq.gz,/proj/phanstiel_lab/Data/raw/CQTL/rna/Project_PHA_14535_B03_EXS_RNA.2021-09-16/Sample_chQTL-AM7241-00/fastq/
CQTL_AM7241_R_CTL_18_1,CQTL,AM7241,CTL,18,1,2,2021-03-01T00:00:00Z,1899-12-30T10:30:00Z,4,56.4,9.9,2021-03-06T11:00:00Z,2021-03-08T11:00:00Z,Project_PHA_14535_B03_EXS_RNA.2021-09-16,PASS,chQTL-AM7241-00_GACGTCTT-GGTGAACC_HY2K5DSXY_L001_001.R1.fastq.gz,chQTL-AM7241-00_GACGTCTT-GGTGAACC_HY2K5DSXY_L001_001.R2.fastq.gz,/proj/phanstiel_lab/Data/raw/CQTL/rna/Project_PHA_14535_B03_EXS_RNA.2021-09-16/Sample_chQTL-AM7241-00/fastq/
CQTL_AM7241_R_CTL_18_1,CQTL,AM7241,CTL,18,1,3,2021-03-01T00:00:00Z,1899-12-30T10:30:00Z,4,56.4,9.9,2021-03-06T11:00:00Z,2021-03-08T11:00:00Z,Project_PHA_14535_B03_EXS_RNA.2021-09-16,PASS,chQTL-AM7241-00_GACGTCTT-GGTGAACC_HJLL5DSX2_L001_001.R1.fastq.gz,chQTL-AM7241-00_GACGTCTT-GGTGAACC_HJLL5DSX2_L001_001.R2.fastq.gz,/proj/phanstiel_lab/Data/raw/CQTL/rna/Project_PHA_14535_B03_EXS_RNA.2021-09-16/Sample_chQTL-AM7241-00/fastq/
CQTL_AM7241_R_FNF_18_1,CQTL,AM7241,FNF,18,1,1,2021-03-01T00:00:00Z,1899-12-30T10:30:00Z,4,74.8,9.7,2021-03-07T11:00:00Z,2021-03-08T11:00:00Z,Project_PHA_14535_B03_EXS_RNA.2021-09-16,PASS,chQTL-AM7241-18_TGCGAGAC-CAACAATG_H3FL7DSX2_L004_001.R1.fastq.gz,chQTL-AM7241-18_TGCGAGAC-CAACAATG_H3FL7DSX2_L004_001.R2.fastq.gz,/proj/phanstiel_lab/Data/raw/CQTL/rna/Project_PHA_14535_B03_EXS_RNA.2021-09-16/Sample_chQTL-AM7241-18/fastq/
CQTL_AM7241_R_FNF_18_1,CQTL,AM7241,FNF,18,1,2,2021-03-01T00:00:00Z,1899-12-30T10:30:00Z,4,74.8,9.7,2021-03-07T11:00:00Z,2021-03-08T11:00:00Z,Project_PHA_14535_B03_EXS_RNA.2021-09-16,PASS,chQTL-AM7241-18_TGCGAGAC-CAACAATG_HY2K5DSXY_L001_001.R1.fastq.gz,chQTL-AM7241-18_TGCGAGAC-CAACAATG_HY2K5DSXY_L001_001.R2.fastq.gz,/proj/phanstiel_lab/Data/raw/CQTL/rna/Project_PHA_14535_B03_EXS_RNA.2021-09-16/Sample_chQTL-AM7241-18/fastq/
CQTL_AM7241_R_FNF_18_1,CQTL,AM7241,FNF,18,1,3,2021-03-01T00:00:00Z,1899-12-30T10:30:00Z,4,74.8,9.7,2021-03-07T11:00:00Z,2021-03-08T11:00:00Z,Project_PHA_14535_B03_EXS_RNA.2021-09-16,PASS,chQTL-AM7241-18_TGCGAGAC-CAACAATG_HJLL5DSX2_L001_001.R1.fastq.gz,chQTL-AM7241-18_TGCGAGAC-CAACAATG_HJLL5DSX2_L001_001.R2.fastq.gz,/proj/phanstiel_lab/Data/raw/CQTL/rna/Project_PHA_14535_B03_EXS_RNA.2021-09-16/Sample_chQTL-AM7241-18/fastq/
CQTL_AM7242_R_CTL_18_1,CQTL,AM7242,CTL,18,1,1,2021-03-01T00:00:00Z,1899-12-30T10:30:00Z,4,59,9.7,2021-03-08T11:00:00Z,2021-03-08T11:00:00Z,Project_PHA_14535_B03_EXS_RNA.2021-09-16,PASS,chQTL-AM7242-00_CATAGAGT-TGGTGGCA_H3FL7DSX2_L004_001.R1.fastq.gz,chQTL-AM7242-00_CATAGAGT-TGGTGGCA_H3FL7DSX2_L004_001.R2.fastq.gz,/proj/phanstiel_lab/Data/raw/CQTL/rna/Project_PHA_14535_B03_EXS_RNA.2021-09-16/Sample_chQTL-AM7242-00/fastq/
CQTL_AM7242_R_CTL_18_1,CQTL,AM7242,CTL,18,1,2,2021-03-01T00:00:00Z,1899-12-30T10:30:00Z,4,59,9.7,2021-03-08T11:00:00Z,2021-03-08T11:00:00Z,Project_PHA_14535_B03_EXS_RNA.2021-09-16,PASS,chQTL-AM7242-00_CATAGAGT-TGGTGGCA_HY2K5DSXY_L001_001.R1.fastq.gz,chQTL-AM7242-00_CATAGAGT-TGGTGGCA_HY2K5DSXY_L001_001.R2.fastq.gz,/proj/phanstiel_lab/Data/raw/CQTL/rna/Project_PHA_14535_B03_EXS_RNA.2021-09-16/Sample_chQTL-AM7242-00/fastq/
CQTL_AM7242_R_CTL_18_1,CQTL,AM7242,CTL,18,1,3,2021-03-01T00:00:00Z,1899-12-30T10:30:00Z,4,59,9.7,2021-03-08T11:00:00Z,2021-03-08T11:00:00Z,Project_PHA_14535_B03_EXS_RNA.2021-09-16,PASS,chQTL-AM7242-00_CATAGAGT-TGGTGGCA_HJLL5DSX2_L001_001.R1.fastq.gz,chQTL-AM7242-00_CATAGAGT-TGGTGGCA_HJLL5DSX2_L001_001.R2.fastq.gz,/proj/phanstiel_lab/Data/raw/CQTL/rna/Project_PHA_14535_B03_EXS_RNA.2021-09-16/Sample_chQTL-AM7242-00/fastq/
CQTL_AM7242_R_FNF_18_1,CQTL,AM7242,FNF,18,1,1,2021-03-01T00:00:00Z,1899-12-30T10:30:00Z,4,87,9.8,2021-03-09T11:00:00Z,2021-03-08T11:00:00Z,Project_PHA_14535_B03_EXS_RNA.2021-09-16,PASS,chQTL-AM7242-18_ACAGGCGC-AGGCAGAG_H3FL7DSX2_L004_001.R1.fastq.gz,chQTL-AM7242-18_ACAGGCGC-AGGCAGAG_H3FL7DSX2_L004_001.R2.fastq.gz,/proj/phanstiel_lab/Data/raw/CQTL/rna/Project_PHA_14535_B03_EXS_RNA.2021-09-16/Sample_chQTL-AM7242-18/fastq/
CQTL_AM7242_R_FNF_18_1,CQTL,AM7242,FNF,18,1,2,2021-03-01T00:00:00Z,1899-12-30T10:30:00Z,4,87,9.8,2021-03-09T11:00:00Z,2021-03-08T11:00:00Z,Project_PHA_14535_B03_EXS_RNA.2021-09-16,PASS,chQTL-AM7242-18_ACAGGCGC-AGGCAGAG_HY2K5DSXY_L001_001.R1.fastq.gz,chQTL-AM7242-18_ACAGGCGC-AGGCAGAG_HY2K5DSXY_L001_001.R2.fastq.gz,/proj/phanstiel_lab/Data/raw/CQTL/rna/Project_PHA_14535_B03_EXS_RNA.2021-09-16/Sample_chQTL-AM7242-18/fastq/
CQTL_AM7242_R_FNF_18_1,CQTL,AM7242,FNF,18,1,3,2021-03-01T00:00:00Z,1899-12-30T10:30:00Z,4,87,9.8,2021-03-09T11:00:00Z,2021-03-08T11:00:00Z,Project_PHA_14535_B03_EXS_RNA.2021-09-16,PASS,chQTL-AM7242-18_ACAGGCGC-AGGCAGAG_HJLL5DSX2_L001_001.R1.fastq.gz,chQTL-AM7242-18_ACAGGCGC-AGGCAGAG_HJLL5DSX2_L001_001.R2.fastq.gz,/proj/phanstiel_lab/Data/raw/CQTL/rna/Project_PHA_14535_B03_EXS_RNA.2021-09-16/Sample_chQTL-AM7242-18/fastq/
CQTL_AM7243_R_CTL_18_1,CQTL,AM7243,CTL,18,1,1,2021-03-01T00:00:00Z,1899-12-30T10:30:00Z,4,35.6,9.8,2021-03-10T11:00:00Z,2021-03-08T11:00:00Z,Project_PHA_14535_B03_EXS_RNA.2021-09-16,PASS,chQTL-AM7243-00_GTGAATAT-GAATGAGA_H3FL7DSX2_L004_001.R1.fastq.gz,chQTL-AM7243-00_GTGAATAT-GAATGAGA_H3FL7DSX2_L004_001.R2.fastq.gz,/proj/phanstiel_lab/Data/raw/CQTL/rna/Project_PHA_14535_B03_EXS_RNA.2021-09-16/Sample_chQTL-AM7243-00/fastq/
CQTL_AM7243_R_CTL_18_1,CQTL,AM7243,CTL,18,1,2,2021-03-01T00:00:00Z,1899-12-30T10:30:00Z,4,35.6,9.8,2021-03-10T11:00:00Z,2021-03-08T11:00:00Z,Project_PHA_14535_B03_EXS_RNA.2021-09-16,PASS,chQTL-AM7243-00_GTGAATAT-GAATGAGA_HY2K5DSXY_L001_001.R1.fastq.gz,chQTL-AM7243-00_GTGAATAT-GAATGAGA_HY2K5DSXY_L001_001.R2.fastq.gz,/proj/phanstiel_lab/Data/raw/CQTL/rna/Project_PHA_14535_B03_EXS_RNA.2021-09-16/Sample_chQTL-AM7243-00/fastq/
CQTL_AM7243_R_CTL_18_1,CQTL,AM7243,CTL,18,1,3,2021-03-01T00:00:00Z,1899-12-30T10:30:00Z,4,35.6,9.8,2021-03-10T11:00:00Z,2021-03-08T11:00:00Z,Project_PHA_14535_B03_EXS_RNA.2021-09-16,PASS,chQTL-AM7243-00_GTGAATAT-GAATGAGA_HJLL5DSX2_L001_001.R1.fastq.gz,chQTL-AM7243-00_GTGAATAT-GAATGAGA_HJLL5DSX2_L001_001.R2.fastq.gz,/proj/phanstiel_lab/Data/raw/CQTL/rna/Project_PHA_14535_B03_EXS_RNA.2021-09-16/Sample_chQTL-AM7243-00/fastq/
CQTL_AM7243_R_FNF_18_1,CQTL,AM7243,FNF,18,1,1,2021-03-01T00:00:00Z,1899-12-30T10:30:00Z,4,32,9.8,2021-03-11T11:00:00Z,2021-03-08T11:00:00Z,Project_PHA_14535_B03_EXS_RNA.2021-09-16,PASS,chQTL-AM7243-18_AACTGTAG-TGCGGCGT_H3FL7DSX2_L004_001.R1.fastq.gz,chQTL-AM7243-18_AACTGTAG-TGCGGCGT_H3FL7DSX2_L004_001.R2.fastq.gz,/proj/phanstiel_lab/Data/raw/CQTL/rna/Project_PHA_14535_B03_EXS_RNA.2021-09-16/Sample_chQTL-AM7243-18/fastq/
CQTL_AM7243_R_FNF_18_1,CQTL,AM7243,FNF,18,1,2,2021-03-01T00:00:00Z,1899-12-30T10:30:00Z,4,32,9.8,2021-03-11T11:00:00Z,2021-03-08T11:00:00Z,Project_PHA_14535_B03_EXS_RNA.2021-09-16,PASS,chQTL-AM7243-18_AACTGTAG-TGCGGCGT_HY2K5DSXY_L001_001.R1.fastq.gz,chQTL-AM7243-18_AACTGTAG-TGCGGCGT_HY2K5DSXY_L001_001.R2.fastq.gz,/proj/phanstiel_lab/Data/raw/CQTL/rna/Project_PHA_14535_B03_EXS_RNA.2021-09-16/Sample_chQTL-AM7243-18/fastq/
CQTL_AM7243_R_FNF_18_1,CQTL,AM7243,FNF,18,1,3,2021-03-01T00:00:00Z,1899-12-30T10:30:00Z,4,32,9.8,2021-03-11T11:00:00Z,2021-03-08T11:00:00Z,Project_PHA_14535_B03_EXS_RNA.2021-09-16,PASS,chQTL-AM7243-18_AACTGTAG-TGCGGCGT_HJLL5DSX2_L001_001.R1.fastq.gz,chQTL-AM7243-18_AACTGTAG-TGCGGCGT_HJLL5DSX2_L001_001.R2.fastq.gz,/proj/phanstiel_lab/Data/raw/CQTL/rna/Project_PHA_14535_B03_EXS_RNA.2021-09-16/Sample_chQTL-AM7243-18/fastq/
CQTL_AM7244_R_CTL_18_1,CQTL,AM7244,CTL,18,1,1,2021-03-01T00:00:00Z,1899-12-30T10:30:00Z,4,93.6,9.7,2021-03-12T11:00:00Z,2021-03-08T11:00:00Z,Project_PHA_14535_B03_EXS_RNA.2021-09-16,PASS,chQTL-AM7244-00_GGTCACGA-CATAATAC_H3FL7DSX2_L004_001.R1.fastq.gz,chQTL-AM7244-00_GGTCACGA-CATAATAC_H3FL7DSX2_L004_001.R2.fastq.gz,/proj/phanstiel_lab/Data/raw/CQTL/rna/Project_PHA_14535_B03_EXS_RNA.2021-09-16/Sample_chQTL-AM7244-00/fastq/
CQTL_AM7244_R_CTL_18_1,CQTL,AM7244,CTL,18,1,2,2021-03-01T00:00:00Z,1899-12-30T10:30:00Z,4,93.6,9.7,2021-03-12T11:00:00Z,2021-03-08T11:00:00Z,Project_PHA_14535_B03_EXS_RNA.2021-09-16,PASS,chQTL-AM7244-00_GGTCACGA-CATAATAC_HY2K5DSXY_L001_001.R1.fastq.gz,chQTL-AM7244-00_GGTCACGA-CATAATAC_HY2K5DSXY_L001_001.R2.fastq.gz,/proj/phanstiel_lab/Data/raw/CQTL/rna/Project_PHA_14535_B03_EXS_RNA.2021-09-16/Sample_chQTL-AM7244-00/fastq/
CQTL_AM7244_R_CTL_18_1,CQTL,AM7244,CTL,18,1,3,2021-03-01T00:00:00Z,1899-12-30T10:30:00Z,4,93.6,9.7,2021-03-12T11:00:00Z,2021-03-08T11:00:00Z,Project_PHA_14535_B03_EXS_RNA.2021-09-16,PASS,chQTL-AM7244-00_GGTCACGA-CATAATAC_HJLL5DSX2_L001_001.R1.fastq.gz,chQTL-AM7244-00_GGTCACGA-CATAATAC_HJLL5DSX2_L001_001.R2.fastq.gz,/proj/phanstiel_lab/Data/raw/CQTL/rna/Project_PHA_14535_B03_EXS_RNA.2021-09-16/Sample_chQTL-AM7244-00/fastq/
CQTL_AM7244_R_FNF_18_1,CQTL,AM7244,FNF,18,1,1,2021-03-01T00:00:00Z,1899-12-30T10:30:00Z,4,74.8,9.9,2021-03-13T11:00:00Z,2021-03-08T11:00:00Z,Project_PHA_14535_B03_EXS_RNA.2021-09-16,PASS,chQTL-AM7244-18_CTGCTTCC-GATCTATC_H3FL7DSX2_L004_001.R1.fastq.gz,chQTL-AM7244-18_CTGCTTCC-GATCTATC_H3FL7DSX2_L004_001.R2.fastq.gz,/proj/phanstiel_lab/Data/raw/CQTL/rna/Project_PHA_14535_B03_EXS_RNA.2021-09-16/Sample_chQTL-AM7244-18/fastq/
CQTL_AM7244_R_FNF_18_1,CQTL,AM7244,FNF,18,1,2,2021-03-01T00:00:00Z,1899-12-30T10:30:00Z,4,74.8,9.9,2021-03-13T11:00:00Z,2021-03-08T11:00:00Z,Project_PHA_14535_B03_EXS_RNA.2021-09-16,PASS,chQTL-AM7244-18_CTGCTTCC-GATCTATC_HY2K5DSXY_L001_001.R1.fastq.gz,chQTL-AM7244-18_CTGCTTCC-GATCTATC_HY2K5DSXY_L001_001.R2.fastq.gz,/proj/phanstiel_lab/Data/raw/CQTL/rna/Project_PHA_14535_B03_EXS_RNA.2021-09-16/Sample_chQTL-AM7244-18/fastq/
CQTL_AM7244_R_FNF_18_1,CQTL,AM7244,FNF,18,1,3,2021-03-01T00:00:00Z,1899-12-30T10:30:00Z,4,74.8,9.9,2021-03-13T11:00:00Z,2021-03-08T11:00:00Z,Project_PHA_14535_B03_EXS_RNA.2021-09-16,PASS,chQTL-AM7244-18_CTGCTTCC-GATCTATC_HJLL5DSX2_L001_001.R2.fastq.gz,chQTL-AM7244-18_CTGCTTCC-GATCTATC_HJLL5DSX2_L001_001.R2.fastq.gz,/proj/phanstiel_lab/Data/raw/CQTL/rna/Project_PHA_14535_B03_EXS_RNA.2021-09-16/Sample_chQTL-AM7244-18/fastq/
CQTL_AM7255_R_CTL_18_1,CQTL,AM7255,CTL,18,1,1,2021-03-01T00:00:00Z,1899-12-30T10:30:00Z,4,66.6,9.8,2021-03-14T11:00:00Z,2021-03-08T11:00:00Z,Project_PHA_14535_B03_EXS_RNA.2021-09-16,PASS,chQTL-AM7255-00_TCATCCTT-AGCTCGCT_H3FL7DSX2_L004_001.R1.fastq.gz,chQTL-AM7255-00_TCATCCTT-AGCTCGCT_H3FL7DSX2_L004_001.R2.fastq.gz,/proj/phanstiel_lab/Data/raw/CQTL/rna/Project_PHA_14535_B03_EXS_RNA.2021-09-16/Sample_chQTL-AM7255-00/fastq/
CQTL_AM7255_R_CTL_18_1,CQTL,AM7255,CTL,18,1,2,2021-03-01T00:00:00Z,1899-12-30T10:30:00Z,4,66.6,9.8,2021-03-14T11:00:00Z,2021-03-08T11:00:00Z,Project_PHA_14535_B03_EXS_RNA.2021-09-16,PASS,chQTL-AM7255-00_TCATCCTT-AGCTCGCT_HY2K5DSXY_L001_001.R1.fastq.gz,chQTL-AM7255-00_TCATCCTT-AGCTCGCT_HY2K5DSXY_L001_001.R2.fastq.gz,/proj/phanstiel_lab/Data/raw/CQTL/rna/Project_PHA_14535_B03_EXS_RNA.2021-09-16/Sample_chQTL-AM7255-00/fastq/
CQTL_AM7255_R_CTL_18_1,CQTL,AM7255,CTL,18,1,3,2021-03-01T00:00:00Z,1899-12-30T10:30:00Z,4,66.6,9.8,2021-03-14T11:00:00Z,2021-03-08T11:00:00Z,Project_PHA_14535_B03_EXS_RNA.2021-09-16,PASS,chQTL-AM7255-00_TCATCCTT-AGCTCGCT_HJLL5DSX2_L001_001.R1.fastq.gz,chQTL-AM7255-00_TCATCCTT-AGCTCGCT_HJLL5DSX2_L001_001.R2.fastq.gz,/proj/phanstiel_lab/Data/raw/CQTL/rna/Project_PHA_14535_B03_EXS_RNA.2021-09-16/Sample_chQTL-AM7255-00/fastq/
CQTL_AM7255_R_FNF_18_1,CQTL,AM7255,FNF,18,1,1,2021-03-01T00:00:00Z,1899-12-30T10:30:00Z,4,91,9.7,2021-03-15T11:00:00Z,2021-03-08T11:00:00Z,Project_PHA_14535_B03_EXS_RNA.2021-09-16,PASS,chQTL-AM7255-18_AGGTTATA-CGGAACTG_H3FL7DSX2_L004_001.R1.fastq.gz,chQTL-AM7255-18_AGGTTATA-CGGAACTG_H3FL7DSX2_L004_001.R2.fastq.gz,/proj/phanstiel_lab/Data/raw/CQTL/rna/Project_PHA_14535_B03_EXS_RNA.2021-09-16/Sample_chQTL-AM7255-18/fastq/
CQTL_AM7255_R_FNF_18_1,CQTL,AM7255,FNF,18,1,2,2021-03-01T00:00:00Z,1899-12-30T10:30:00Z,4,91,9.7,2021-03-15T11:00:00Z,2021-03-08T11:00:00Z,Project_PHA_14535_B03_EXS_RNA.2021-09-16,PASS,chQTL-AM7255-18_AGGTTATA-CGGAACTG_HY2K5DSXY_L001_001.R1.fastq.gz,chQTL-AM7255-18_AGGTTATA-CGGAACTG_HY2K5DSXY_L001_001.R2.fastq.gz,/proj/phanstiel_lab/Data/raw/CQTL/rna/Project_PHA_14535_B03_EXS_RNA.2021-09-16/Sample_chQTL-AM7255-18/fastq/
CQTL_AM7255_R_FNF_18_1,CQTL,AM7255,FNF,18,1,3,2021-03-01T00:00:00Z,1899-12-30T10:30:00Z,4,91,9.7,2021-03-15T11:00:00Z,2021-03-08T11:00:00Z,Project_PHA_14535_B03_EXS_RNA.2021-09-16,PASS,chQTL-AM7255-18_AGGTTATA-CGGAACTG_HJLL5DSX2_L001_001.R1.fastq.gz,chQTL-AM7255-18_AGGTTATA-CGGAACTG_HJLL5DSX2_L001_001.R2.fastq.gz,/proj/phanstiel_lab/Data/raw/CQTL/rna/Project_PHA_14535_B03_EXS_RNA.2021-09-16/Sample_chQTL-AM7255-18/fastq/
CQTL_AM7256_R_CTL_18_1,CQTL,AM7256,CTL,18,1,1,2021-03-01T00:00:00Z,1899-12-30T10:30:00Z,4,35.6,9.8,2021-03-16T11:00:00Z,2021-03-08T11:00:00Z,Project_PHA_14535_B03_EXS_RNA.2021-09-16,PASS,chQTL-AM7256-00_GAACCGCG-TAAGGTCA_H3FL7DSX2_L004_001.R1.fastq.gz,chQTL-AM7256-00_GAACCGCG-TAAGGTCA_H3FL7DSX2_L004_001.R2.fastq.gz,/proj/phanstiel_lab/Data/raw/CQTL/rna/Project_PHA_14535_B03_EXS_RNA.2021-09-16/Sample_chQTL-AM7256-00/fastq/
CQTL_AM7256_R_CTL_18_1,CQTL,AM7256,CTL,18,1,2,2021-03-01T00:00:00Z,1899-12-30T10:30:00Z,4,35.6,9.8,2021-03-16T11:00:00Z,2021-03-08T11:00:00Z,Project_PHA_14535_B03_EXS_RNA.2021-09-16,PASS,chQTL-AM7256-00_GAACCGCG-TAAGGTCA_HY2K5DSXY_L001_001.R1.fastq.gz,chQTL-AM7256-00_GAACCGCG-TAAGGTCA_HY2K5DSXY_L001_001.R2.fastq.gz,/proj/phanstiel_lab/Data/raw/CQTL/rna/Project_PHA_14535_B03_EXS_RNA.2021-09-16/Sample_chQTL-AM7256-00/fastq/
CQTL_AM7256_R_CTL_18_1,CQTL,AM7256,CTL,18,1,3,2021-03-01T00:00:00Z,1899-12-30T10:30:00Z,4,35.6,9.8,2021-03-16T11:00:00Z,2021-03-08T11:00:00Z,Project_PHA_14535_B03_EXS_RNA.2021-09-16,PASS,chQTL-AM7256-00_GAACCGCG-TAAGGTCA_HJLL5DSX2_L001_001.R1.fastq.gz,chQTL-AM7256-00_GAACCGCG-TAAGGTCA_HJLL5DSX2_L001_001.R2.fastq.gz,/proj/phanstiel_lab/Data/raw/CQTL/rna/Project_PHA_14535_B03_EXS_RNA.2021-09-16/Sample_chQTL-AM7256-00/fastq/
CQTL_AM7256_R_FNF_18_1,CQTL,AM7256,FNF,18,1,1,2021-03-01T00:00:00Z,1899-12-30T10:30:00Z,4,78.2,9.8,2021-03-17T11:00:00Z,2021-03-08T11:00:00Z,Project_PHA_14535_B03_EXS_RNA.2021-09-16,PASS,chQTL-AM7256-18_CTCACCAA-TTGCCTAG_H3FL7DSX2_L004_001.R1.fastq.gz,chQTL-AM7256-18_CTCACCAA-TTGCCTAG_H3FL7DSX2_L004_001.R2.fastq.gz,/proj/phanstiel_lab/Data/raw/CQTL/rna/Project_PHA_14535_B03_EXS_RNA.2021-09-16/Sample_chQTL-AM7256-18/fastq/
CQTL_AM7256_R_FNF_18_1,CQTL,AM7256,FNF,18,1,2,2021-03-01T00:00:00Z,1899-12-30T10:30:00Z,4,78.2,9.8,2021-03-17T11:00:00Z,2021-03-08T11:00:00Z,Project_PHA_14535_B03_EXS_RNA.2021-09-16,PASS,chQTL-AM7256-18_CTCACCAA-TTGCCTAG_HY2K5DSXY_L001_001.R1.fastq.gz,chQTL-AM7256-18_CTCACCAA-TTGCCTAG_HY2K5DSXY_L001_001.R2.fastq.gz,/proj/phanstiel_lab/Data/raw/CQTL/rna/Project_PHA_14535_B03_EXS_RNA.2021-09-16/Sample_chQTL-AM7256-18/fastq/
CQTL_AM7256_R_FNF_18_1,CQTL,AM7256,FNF,18,1,3,2021-03-01T00:00:00Z,1899-12-30T10:30:00Z,4,78.2,9.8,2021-03-17T11:00:00Z,2021-03-08T11:00:00Z,Project_PHA_14535_B03_EXS_RNA.2021-09-16,PASS,chQTL-AM7256-18_CTCACCAA-TTGCCTAG_HJLL5DSX2_L001_001.R1.fastq.gz,chQTL-AM7256-18_CTCACCAA-TTGCCTAG_HJLL5DSX2_L001_001.R2.fastq.gz,/proj/phanstiel_lab/Data/raw/CQTL/rna/Project_PHA_14535_B03_EXS_RNA.2021-09-16/Sample_chQTL-AM7256-18/fastq/
CQTL_AM7260_R_CTL_18_1,CQTL,AM7260,CTL,18,1,1,2021-11-08T00:00:00Z,1899-12-30T11:15:00Z,5,82.2,9.9,2021-11-08T13:45:00Z,2021-11-09T10:00:00Z,Project_PHA_14535_B05_EXS_RNA.2022-02-11,PASS,chQTL-AM7260-00_CGGCGTGA-ACAGGCGC_H7YVGDSX3_L003_001.R1.fastq.gz,chQTL-AM7260-00_CGGCGTGA-ACAGGCGC_H7YVGDSX3_L003_001.R2.fastq.gz,/proj/phanstiel_lab/Data/raw/CQTL/rna/Project_PHA_14535_B05_EXS_RNA.2022-02-11/Sample_chQTL-AM7260-00/fastq/
CQTL_AM7260_R_FNF_18_1,CQTL,AM7260,FNF,18,1,1,2021-11-08T00:00:00Z,1899-12-30T11:15:00Z,5,140,9.9,2021-11-08T13:45:00Z,2021-11-09T10:00:00Z,Project_PHA_14535_B05_EXS_RNA.2022-02-11,PASS,chQTL-AM7260-18_ATGTAAGT-CATAGAGT_H7YVGDSX3_L003_001.R1.fastq.gz,chQTL-AM7260-18_ATGTAAGT-CATAGAGT_H7YVGDSX3_L003_001.R2.fastq.gz,/proj/phanstiel_lab/Data/raw/CQTL/rna/Project_PHA_14535_B05_EXS_RNA.2022-02-11/Sample_chQTL-AM7260-18/fastq/
CQTL_AM7261_R_CTL_18_1,CQTL,AM7261,CTL,18,1,1,2021-11-08T00:00:00Z,1899-12-30T11:15:00Z,5,95,9.8,2021-11-08T13:45:00Z,2021-11-09T10:00:00Z,Project_PHA_14535_B05_EXS_RNA.2022-02-11,PASS,chQTL-AM7261-00_GCACGGAC-TGCGAGAC_H7YVGDSX3_L003_001.R1.fastq.gz,chQTL-AM7261-00_GCACGGAC-TGCGAGAC_H7YVGDSX3_L003_001.R2.fastq.gz,/proj/phanstiel_lab/Data/raw/CQTL/rna/Project_PHA_14535_B05_EXS_RNA.2022-02-11/Sample_chQTL-AM7261-00/fastq/
CQTL_AM7261_R_FNF_18_1,CQTL,AM7261,FNF,18,1,1,2021-11-08T00:00:00Z,1899-12-30T11:15:00Z,5,110,9.9,2021-11-08T13:45:00Z,2021-11-09T10:00:00Z,Project_PHA_14535_B05_EXS_RNA.2022-02-11,PASS,chQTL-AM7261-18_GGTACCTT-GACGTCTT_H7YVGDSX3_L003_001.R1.fastq.gz,chQTL-AM7261-18_GGTACCTT-GACGTCTT_H7YVGDSX3_L003_001.R2.fastq.gz,/proj/phanstiel_lab/Data/raw/CQTL/rna/Project_PHA_14535_B05_EXS_RNA.2022-02-11/Sample_chQTL-AM7261-18/fastq/
CQTL_AM7266_R_CTL_18_1,CQTL,AM7266,CTL,18,1,1,2021-11-08T00:00:00Z,1899-12-30T11:15:00Z,5,56.4,10,2021-11-08T13:45:00Z,2021-11-09T10:00:00Z,Project_PHA_14535_B05_EXS_RNA.2022-02-11,PASS,chQTL-AM7266-00_AACGTTCC-AGTACTCC_H7YVGDSX3_L003_001.R1.fastq.gz,chQTL-AM7266-00_AACGTTCC-AGTACTCC_H7YVGDSX3_L003_001.R2.fastq.gz,/proj/phanstiel_lab/Data/raw/CQTL/rna/Project_PHA_14535_B05_EXS_RNA.2022-02-11/Sample_chQTL-AM7266-00/fastq/
CQTL_AM7266_R_FNF_18_1,CQTL,AM7266,FNF,18,1,1,2021-11-08T00:00:00Z,1899-12-30T11:15:00Z,5,74.8,9.9,2021-11-08T13:45:00Z,2021-11-09T10:00:00Z,Project_PHA_14535_B05_EXS_RNA.2022-02-11,PASS,chQTL-AM7266-18_ATGAGGCC-CAATTAAC_H7YVGDSX3_L003_001.R1.fastq.gz,chQTL-AM7266-18_ATGAGGCC-CAATTAAC_H7YVGDSX3_L003_001.R2.fastq.gz,/proj/phanstiel_lab/Data/raw/CQTL/rna/Project_PHA_14535_B05_EXS_RNA.2022-02-11/Sample_chQTL-AM7266-18/fastq/
CQTL_AM7269_R_CTL_18_1,CQTL,AM7269,CTL,18,1,1,2021-11-08T00:00:00Z,1899-12-30T11:15:00Z,5,59,10,2021-11-08T13:45:00Z,2021-11-09T10:00:00Z,Project_PHA_14535_B05_EXS_RNA.2022-02-11,PASS,chQTL-AM7269-00_TCGATATC-ACTCGTGT_H7YVGDSX3_L003_001.R1.fastq.gz,chQTL-AM7269-00_TCGATATC-ACTCGTGT_H7YVGDSX3_L003_001.R2.fastq.gz,/proj/phanstiel_lab/Data/raw/CQTL/rna/Project_PHA_14535_B05_EXS_RNA.2022-02-11/Sample_chQTL-AM7269-00/fastq/
CQTL_AM7269_R_FNF_18_1,CQTL,AM7269,FNF,18,1,1,2021-11-08T00:00:00Z,1899-12-30T11:15:00Z,5,87,10,2021-11-08T13:45:00Z,2021-11-09T10:00:00Z,Project_PHA_14535_B05_EXS_RNA.2022-02-11,PASS,chQTL-AM7269-18_GTCGGAGC-TTATAACC_H7YVGDSX3_L003_001.R1.fastq.gz,chQTL-AM7269-18_GTCGGAGC-TTATAACC_H7YVGDSX3_L003_001.R2.fastq.gz,/proj/phanstiel_lab/Data/raw/CQTL/rna/Project_PHA_14535_B05_EXS_RNA.2022-02-11/Sample_chQTL-AM7269-18/fastq/
CQTL_AM7270_R_CTL_18_1,CQTL,AM7270,CTL,18,1,1,2021-11-08T00:00:00Z,1899-12-30T11:15:00Z,5,35.6,10,2021-11-08T13:45:00Z,2021-11-09T10:00:00Z,Project_PHA_14535_B05_EXS_RNA.2022-02-11,PASS,chQTL-AM7270-00_CTTGGTAT-GGACTTGG_H7YVGDSX3_L003_001.R1.fastq.gz,chQTL-AM7270-00_CTTGGTAT-GGACTTGG_H7YVGDSX3_L003_001.R2.fastq.gz,/proj/phanstiel_lab/Data/raw/CQTL/rna/Project_PHA_14535_B05_EXS_RNA.2022-02-11/Sample_chQTL-AM7270-00/fastq/
CQTL_AM7270_R_FNF_18_1,CQTL,AM7270,FNF,18,1,1,2021-11-08T00:00:00Z,1899-12-30T11:15:00Z,5,32,9.9,2021-11-08T13:45:00Z,2021-11-09T10:00:00Z,Project_PHA_14535_B05_EXS_RNA.2022-02-11,PASS,chQTL-AM7270-18_TCCAACGC-AAGTCCAA_H7YVGDSX3_L003_001.R1.fastq.gz,chQTL-AM7270-18_TCCAACGC-AAGTCCAA_H7YVGDSX3_L003_001.R2.fastq.gz,/proj/phanstiel_lab/Data/raw/CQTL/rna/Project_PHA_14535_B05_EXS_RNA.2022-02-11/Sample_chQTL-AM7270-18/fastq/
CQTL_AM7272_R_CTL_18_1,CQTL,AM7272,CTL,18,1,1,2021-11-08T00:00:00Z,1899-12-30T11:15:00Z,5,93.6,9.7,2021-11-08T13:45:00Z,2021-11-09T10:00:00Z,Project_PHA_14535_B05_EXS_RNA.2022-02-11,PASS,chQTL-AM7272-00_CCGTGAAG-ATCCACTG_H7YVGDSX3_L003_001.R1.fastq.gz,chQTL-AM7272-00_CCGTGAAG-ATCCACTG_H7YVGDSX3_L003_001.R2.fastq.gz,/proj/phanstiel_lab/Data/raw/CQTL/rna/Project_PHA_14535_B05_EXS_RNA.2022-02-11/Sample_chQTL-AM7272-00/fastq/
CQTL_AM7272_R_FNF_18_1,CQTL,AM7272,FNF,18,1,1,2021-11-08T00:00:00Z,1899-12-30T11:15:00Z,5,74.8,9.9,2021-11-08T13:45:00Z,2021-11-09T10:00:00Z,Project_PHA_14535_B05_EXS_RNA.2022-02-11,PASS,chQTL-AM7272-18_TTACAGGA-GCTTGTCA_H7YVGDSX3_L003_001.R1.fastq.gz,chQTL-AM7272-18_TTACAGGA-GCTTGTCA_H7YVGDSX3_L003_001.R2.fastq.gz,/proj/phanstiel_lab/Data/raw/CQTL/rna/Project_PHA_14535_B05_EXS_RNA.2022-02-11/Sample_chQTL-AM7272-18/fastq/
CQTL_AM7273_R_FNF_18_1,CQTL,AM7273,FNF,18,1,1,2021-11-08T00:00:00Z,1899-12-30T11:15:00Z,5,91,9.9,2021-11-08T13:45:00Z,2021-11-09T10:00:00Z,Project_PHA_14535_B05_EXS_RNA.2022-02-11,PASS,chQTL-AM7273-18_GGCATTCT-CAAGCTAG_H7YVGDSX3_L003_001.R1.fastq.gz,chQTL-AM7273-18_GGCATTCT-CAAGCTAG_H7YVGDSX3_L003_001.R2.fastq.gz,/proj/phanstiel_lab/Data/raw/CQTL/rna/Project_PHA_14535_B05_EXS_RNA.2022-02-11/Sample_chQTL-AM7273-18/fastq/
CQTL_AM7277_R_CTL_18_1,CQTL,AM7277,CTL,18,1,1,2021-11-08T00:00:00Z,1899-12-30T11:15:00Z,5,35.6,9.9,2021-11-08T13:45:00Z,2021-11-09T10:00:00Z,Project_PHA_14535_B05_EXS_RNA.2022-02-11,PASS,chQTL-AM7277-00_AATGCCTC-TGGATCGA_H7YVGDSX3_L003_001.R1.fastq.gz,chQTL-AM7277-00_AATGCCTC-TGGATCGA_H7YVGDSX3_L003_001.R2.fastq.gz,/proj/phanstiel_lab/Data/raw/CQTL/rna/Project_PHA_14535_B05_EXS_RNA.2022-02-11/Sample_chQTL-AM7277-00/fastq/
CQTL_AM7277_R_FNF_18_1,CQTL,AM7277,FNF,18,1,1,2021-11-08T00:00:00Z,1899-12-30T11:15:00Z,5,78.2,10,2021-11-08T13:45:00Z,2021-11-09T10:00:00Z,Project_PHA_14535_B05_EXS_RNA.2022-02-11,PASS,chQTL-AM7277-18_TACCGAGG-AGTTCAGG_H7YVGDSX3_L003_001.R1.fastq.gz,chQTL-AM7277-18_TACCGAGG-AGTTCAGG_H7YVGDSX3_L003_001.R2.fastq.gz,/proj/phanstiel_lab/Data/raw/CQTL/rna/Project_PHA_14535_B05_EXS_RNA.2022-02-11/Sample_chQTL-AM7277-18/fastq/
CQTL_AM7278_R_CTL_18_1,CQTL,AM7278,CTL,18,1,1,2022-01-26T00:00:00Z,1899-12-30T12:45:00Z,7,98.6,9.8,2022-01-26T14:25:00Z,2022-01-27T10:00:00Z,Project_PHA_14535_B06_EXS_RNA.2022-04-12,PASS,chQTL-AM7278-00_AGTACTCC-AACAGGTT_HGNLMDSX3_L003_001.R1.fastq.gz,chQTL-AM7278-00_AGTACTCC-AACAGGTT_HGNLMDSX3_L003_001.R2.fastq.gz,/proj/phanstiel_lab/Data/raw/CQTL/rna/Project_PHA_14535_B06_EXS_RNA.2022-04-12/Sample_chQTL-AM7278-00/fastq/
CQTL_AM7278_R_FNF_18_1,CQTL,AM7278,FNF,18,1,1,2022-01-26T00:00:00Z,1899-12-30T12:45:00Z,7,154,9.6,2022-01-26T14:25:00Z,2022-01-27T10:00:00Z,Project_PHA_14535_B06_EXS_RNA.2022-04-12,PASS,chQTL-AM7278-18_GACGTCTT-GGTGAACC_HGNLMDSX3_L003_001.R1.fastq.gz,chQTL-AM7278-18_GACGTCTT-GGTGAACC_HGNLMDSX3_L003_001.R2.fastq.gz,/proj/phanstiel_lab/Data/raw/CQTL/rna/Project_PHA_14535_B06_EXS_RNA.2022-04-12/Sample_chQTL-AM7278-18/fastq/
CQTL_AM7280_R_CTL_18_1,CQTL,AM7280,CTL,18,1,1,2022-01-26T00:00:00Z,1899-12-30T12:45:00Z,7,58,9.9,2022-01-26T14:25:00Z,2022-01-27T10:00:00Z,Project_PHA_14535_B06_EXS_RNA.2022-04-12,PASS,chQTL-AM7280-00_TGCGAGAC-CAACAATG_HGNLMDSX3_L003_001.R1.fastq.gz,chQTL-AM7280-00_TGCGAGAC-CAACAATG_HGNLMDSX3_L003_001.R2.fastq.gz,/proj/phanstiel_lab/Data/raw/CQTL/rna/Project_PHA_14535_B06_EXS_RNA.2022-04-12/Sample_chQTL-AM7280-00/fastq/
CQTL_AM7280_R_FNF_18_1,CQTL,AM7280,FNF,18,1,1,2022-01-26T00:00:00Z,1899-12-30T12:45:00Z,7,108,9.9,2022-01-26T14:25:00Z,2022-01-27T10:00:00Z,Project_PHA_14535_B06_EXS_RNA.2022-04-12,PASS,chQTL-AM7280-18_CATAGAGT-TGGTGGCA_HGNLMDSX3_L003_001.R1.fastq.gz,chQTL-AM7280-18_CATAGAGT-TGGTGGCA_HGNLMDSX3_L003_001.R2.fastq.gz,/proj/phanstiel_lab/Data/raw/CQTL/rna/Project_PHA_14535_B06_EXS_RNA.2022-04-12/Sample_chQTL-AM7280-18/fastq/
CQTL_AM7283_R_CTL_18_1,CQTL,AM7283,CTL,18,1,1,2022-01-26T00:00:00Z,1899-12-30T12:45:00Z,7,65,9.8,2022-01-26T14:25:00Z,2022-01-27T10:00:00Z,Project_PHA_14535_B06_EXS_RNA.2022-04-12,PASS,chQTL-AM7283-00_ACAGGCGC-AGGCAGAG_HGNLMDSX3_L003_001.R1.fastq.gz,chQTL-AM7283-00_ACAGGCGC-AGGCAGAG_HGNLMDSX3_L003_001.R2.fastq.gz,/proj/phanstiel_lab/Data/raw/CQTL/rna/Project_PHA_14535_B06_EXS_RNA.2022-04-12/Sample_chQTL-AM7283-00/fastq/
CQTL_AM7283_R_FNF_18_1,CQTL,AM7283,FNF,18,1,1,2022-01-26T00:00:00Z,1899-12-30T12:45:00Z,7,85,9.7,2022-01-26T14:25:00Z,2022-01-27T10:00:00Z,Project_PHA_14535_B06_EXS_RNA.2022-04-12,PASS,chQTL-AM7283-18_GTGAATAT-GAATGAGA_HGNLMDSX3_L003_001.R1.fastq.gz,chQTL-AM7283-18_GTGAATAT-GAATGAGA_HGNLMDSX3_L003_001.R2.fastq.gz,/proj/phanstiel_lab/Data/raw/CQTL/rna/Project_PHA_14535_B06_EXS_RNA.2022-04-12/Sample_chQTL-AM7283-18/fastq/
CQTL_AM7284_R_CTL_18_1,CQTL,AM7284,CTL,18,1,1,2022-01-26T00:00:00Z,1899-12-30T12:45:00Z,7,90.6,10,2022-01-26T14:25:00Z,2022-01-27T10:00:00Z,Project_PHA_14535_B06_EXS_RNA.2022-04-12,PASS,chQTL-AM7284-00_AACTGTAG-TGCGGCGT_HGNLMDSX3_L003_001.R1.fastq.gz,chQTL-AM7284-00_AACTGTAG-TGCGGCGT_HGNLMDSX3_L003_001.R2.fastq.gz,/proj/phanstiel_lab/Data/raw/CQTL/rna/Project_PHA_14535_B06_EXS_RNA.2022-04-12/Sample_chQTL-AM7284-00/fastq/
CQTL_AM7284_R_FNF_18_1,CQTL,AM7284,FNF,18,1,1,2022-01-26T00:00:00Z,1899-12-30T12:45:00Z,7,81.6,10,2022-01-26T14:25:00Z,2022-01-27T10:00:00Z,Project_PHA_15073_B01_EXS_RNA.2022-04-12,PASS,chQTL-AM7284-18_ACACTAAG-ATATGGAT_HGNLMDSX3_L003_001.R1.fastq.gz,chQTL-AM7284-18_ACACTAAG-ATATGGAT_HGNLMDSX3_L003_001.R2.fastq.gz,/proj/phanstiel_lab/Data/raw/CQTL/rna/Project_PHA_15073_B01_EXS_RNA.2022-04-12/Sample_chQTL-AM7284-18/fastq/
CQTL_AM7285_R_CTL_18_1,CQTL,AM7285,CTL,18,1,1,2022-01-26T00:00:00Z,1899-12-30T12:45:00Z,7,22.2,10,2022-01-26T14:25:00Z,2022-01-27T10:00:00Z,Project_PHA_15073_B01_EXS_RNA.2022-04-12,PASS,chQTL-AM7285-00_GTGTCGGA-GCGCAAGC_HGNLMDSX3_L003_001.R1.fastq.gz,chQTL-AM7285-00_GTGTCGGA-GCGCAAGC_HGNLMDSX3_L003_001.R2.fastq.gz,/proj/phanstiel_lab/Data/raw/CQTL/rna/Project_PHA_15073_B01_EXS_RNA.2022-04-12/Sample_chQTL-AM7285-00/fastq/
CQTL_AM7285_R_FNF_18_1,CQTL,AM7285,FNF,18,1,1,2022-01-26T00:00:00Z,1899-12-30T12:45:00Z,7,102,9.9,2022-01-26T14:25:00Z,2022-01-27T10:00:00Z,Project_PHA_15073_B01_EXS_RNA.2022-04-12,PASS,chQTL-AM7285-18_GTCGGAGC-TTATAACC_HGNLMDSX3_L001_001.R1.fastq.gz,chQTL-AM7285-18_GTCGGAGC-TTATAACC_HGNLMDSX3_L001_001.R2.fastq.gz,/proj/phanstiel_lab/Data/raw/CQTL/rna/Project_PHA_15073_B01_EXS_RNA.2022-04-12/Sample_chQTL-AM7285-18/fastq/
CQTL_AM7294_R_CTL_18_1,CQTL,AM7294,CTL,18,1,1,2022-01-26T00:00:00Z,1899-12-30T12:45:00Z,7,49.6,9.8,2022-01-26T14:25:00Z,2022-01-27T10:00:00Z,Project_PHA_15073_B01_EXS_RNA.2022-04-12,PASS,chQTL-AM7294-00_CTTGGTAT-GGACTTGG_HGNLMDSX3_L001_001.R1.fastq.gz,chQTL-AM7294-00_CTTGGTAT-GGACTTGG_HGNLMDSX3_L001_001.R2.fastq.gz,/proj/phanstiel_lab/Data/raw/CQTL/rna/Project_PHA_15073_B01_EXS_RNA.2022-04-12/Sample_chQTL-AM7294-00/fastq/
CQTL_AM7294_R_FNF_18_1,CQTL,AM7294,FNF,18,1,1,2022-01-26T00:00:00Z,1899-12-30T12:45:00Z,7,90.8,9.7,2022-01-26T14:25:00Z,2022-01-27T10:00:00Z,Project_PHA_15073_B01_EXS_RNA.2022-04-12,PASS,chQTL-AM7294-18_GCCACAGG-ATGGCATG_HGNLMDSX3_L003_001.R1.fastq.gz,chQTL-AM7294-18_GCCACAGG-ATGGCATG_HGNLMDSX3_L003_001.R2.fastq.gz,/proj/phanstiel_lab/Data/raw/CQTL/rna/Project_PHA_15073_B01_EXS_RNA.2022-04-12/Sample_chQTL-AM7294-18/fastq/
CQTL_AM7295_R_CTL_18_1,CQTL,AM7295,CTL,18,1,1,2022-01-26T00:00:00Z,1899-12-30T12:45:00Z,7,96.6,9.9,2022-01-26T14:25:00Z,2022-01-27T10:00:00Z,Project_PHA_15073_B01_EXS_RNA.2022-04-12,PASS,chQTL-AM7295-00_ATTGTGAA-GCAATGCA_HGNLMDSX3_L003_001.R1.fastq.gz,chQTL-AM7295-00_ATTGTGAA-GCAATGCA_HGNLMDSX3_L003_001.R2.fastq.gz,/proj/phanstiel_lab/Data/raw/CQTL/rna/Project_PHA_15073_B01_EXS_RNA.2022-04-12/Sample_chQTL-AM7295-00/fastq/
CQTL_AM7295_R_FNF_18_1,CQTL,AM7295,FNF,18,1,1,2022-01-26T00:00:00Z,1899-12-30T12:45:00Z,7,96,9.8,2022-01-26T14:25:00Z,2022-01-27T10:00:00Z,Project_PHA_15073_B01_EXS_RNA.2022-04-12,PASS,chQTL-AM7295-18_ACTCGTGT-GTTCCAAT_HGNLMDSX3_L003_001.R1.fastq.gz,chQTL-AM7295-18_ACTCGTGT-GTTCCAAT_HGNLMDSX3_L003_001.R2.fastq.gz,/proj/phanstiel_lab/Data/raw/CQTL/rna/Project_PHA_15073_B01_EXS_RNA.2022-04-12/Sample_chQTL-AM7295-18/fastq/
CQTL_AM7302_R_CTL_18_1,CQTL,AM7302,CTL,18,1,1,2022-01-26T00:00:00Z,1899-12-30T12:45:00Z,7,22.2,10,2022-01-26T14:25:00Z,2022-01-27T10:00:00Z,Project_PHA_15073_B01_EXS_RNA.2022-04-12,PASS,chQTL-AM7302-00_GTCTACAC-ACCTTGGC_HGNLMDSX3_L003_001.R1.fastq.gz,chQTL-AM7302-00_GTCTACAC-ACCTTGGC_HGNLMDSX3_L003_001.R2.fastq.gz,/proj/phanstiel_lab/Data/raw/CQTL/rna/Project_PHA_15073_B01_EXS_RNA.2022-04-12/Sample_chQTL-AM7302-00/fastq/
CQTL_AM7302_R_FNF_18_1,CQTL,AM7302,FNF,18,1,1,2022-01-26T00:00:00Z,1899-12-30T12:45:00Z,7,66.8,10,2022-01-26T14:25:00Z,2022-01-27T10:00:00Z,Project_PHA_15073_B01_EXS_RNA.2022-04-12,PASS,chQTL-AM7302-18_CAATTAAC-ATATCTCG_HGNLMDSX3_L003_001.R1.fastq.gz,chQTL-AM7302-18_CAATTAAC-ATATCTCG_HGNLMDSX3_L003_001.R2.fastq.gz,/proj/phanstiel_lab/Data/raw/CQTL/rna/Project_PHA_15073_B01_EXS_RNA.2022-04-12/Sample_chQTL-AM7302-18/fastq/
CQTL_AM7303_R_CTL_18_1,CQTL,AM7303,CTL,18,1,1,2022-02-01T00:00:00Z,1899-12-30T13:30:00Z,8,60.8,9.8,2022-02-01T16:00:00Z,2022-02-02T10:00:00Z,Project_PHA_15073_B02_EXS_RNA.2022-04-12,PASS,chQTL-AM7303-00_ATATCTCG-ACTAAGAT_HGNLMDSX3_L003_001.R1.fastq.gz,chQTL-AM7303-00_ATATCTCG-ACTAAGAT_HGNLMDSX3_L003_001.R2.fastq.gz,/proj/phanstiel_lab/Data/raw/CQTL/rna/Project_PHA_15073_B02_EXS_RNA.2022-04-12/Sample_chQTL-AM7303-00/fastq/
CQTL_AM7303_R_FNF_18_1,CQTL,AM7303,FNF,18,1,1,2022-02-01T00:00:00Z,1899-12-30T13:30:00Z,8,71.4,9.9,2022-02-01T16:00:00Z,2022-02-02T10:00:00Z,Project_PHA_15073_B02_EXS_RNA.2022-04-12,PASS,chQTL-AM7303-18_GCGCTCTA-GTCGGAGC_HGNLMDSX3_L003_001.R1.fastq.gz,chQTL-AM7303-18_GCGCTCTA-GTCGGAGC_HGNLMDSX3_L003_001.R2.fastq.gz,/proj/phanstiel_lab/Data/raw/CQTL/rna/Project_PHA_15073_B02_EXS_RNA.2022-04-12/Sample_chQTL-AM7303-18/fastq/
CQTL_AM7304_R_CTL_18_1,CQTL,AM7304,CTL,18,1,1,2022-02-01T00:00:00Z,1899-12-30T13:30:00Z,8,72.4,99,2022-02-01T16:00:00Z,2022-02-02T10:00:00Z,Project_PHA_15073_B02_EXS_RNA.2022-04-12,PASS,chQTL-AM7304-00_AACAGGTT-CTTGGTAT_HGNLMDSX3_L003_001.R1.fastq.gz,chQTL-AM7304-00_AACAGGTT-CTTGGTAT_HGNLMDSX3_L003_001.R2.fastq.gz,/proj/phanstiel_lab/Data/raw/CQTL/rna/Project_PHA_15073_B02_EXS_RNA.2022-04-12/Sample_chQTL-AM7304-00/fastq/
CQTL_AM7304_R_FNF_18_1,CQTL,AM7304,FNF,18,1,1,2022-02-01T00:00:00Z,1899-12-30T13:30:00Z,8,102,9.8,2022-02-01T16:00:00Z,2022-02-02T10:00:00Z,Project_PHA_15073_B02_EXS_RNA.2022-04-12,PASS,chQTL-AM7304-18_GGTGAACC-TCCAACGC_HGNLMDSX3_L003_001.R1.fastq.gz,chQTL-AM7304-18_GGTGAACC-TCCAACGC_HGNLMDSX3_L003_001.R2.fastq.gz,/proj/phanstiel_lab/Data/raw/CQTL/rna/Project_PHA_15073_B02_EXS_RNA.2022-04-12/Sample_chQTL-AM7304-18/fastq/
CQTL_AM7312_R_CTL_18_1,CQTL,AM7312,CTL,18,1,1,2022-02-01T00:00:00Z,1899-12-30T13:30:00Z,8,76.4,9.9,2022-02-01T16:00:00Z,2022-02-02T10:00:00Z,Project_PHA_15073_B02_EXS_RNA.2022-04-12,PASS,chQTL-AM7312-00_CAACAATG-CCGTGAAG_HGNLMDSX3_L003_001.R1.fastq.gz,chQTL-AM7312-00_CAACAATG-CCGTGAAG_HGNLMDSX3_L003_001.R2.fastq.gz,/proj/phanstiel_lab/Data/raw/CQTL/rna/Project_PHA_15073_B02_EXS_RNA.2022-04-12/Sample_chQTL-AM7312-00/fastq/
CQTL_AM7312_R_FNF_18_1,CQTL,AM7312,FNF,18,1,1,2022-02-01T00:00:00Z,1899-12-30T13:30:00Z,8,89.4,10,2022-02-01T16:00:00Z,2022-02-02T10:00:00Z,Project_PHA_15073_B02_EXS_RNA.2022-04-12,PASS,chQTL-AM7312-18_TGGTGGCA-TTACAGGA_HGNLMDSX3_L003_001.R1.fastq.gz,chQTL-AM7312-18_TGGTGGCA-TTACAGGA_HGNLMDSX3_L003_001.R2.fastq.gz,/proj/phanstiel_lab/Data/raw/CQTL/rna/Project_PHA_15073_B02_EXS_RNA.2022-04-12/Sample_chQTL-AM7312-18/fastq/
CQTL_AM7313_R_CTL_18_1,CQTL,AM7313,CTL,18,1,1,2022-02-01T00:00:00Z,1899-12-30T13:30:00Z,8,48.6,10,2022-02-01T16:00:00Z,2022-02-02T10:00:00Z,Project_PHA_15073_B02_EXS_RNA.2022-04-12,PASS,chQTL-AM7313-00_TGGCCGGT-GCGCTCTA_HGNLMDSX3_L003_001.R1.fastq.gz,chQTL-AM7313-00_TGGCCGGT-GCGCTCTA_HGNLMDSX3_L003_001.R2.fastq.gz,/proj/phanstiel_lab/Data/raw/CQTL/rna/Project_PHA_15073_B02_EXS_RNA.2022-04-12/Sample_chQTL-AM7313-00/fastq/
CQTL_AM7313_R_FNF_18_1,CQTL,AM7313,FNF,18,1,1,2022-02-01T00:00:00Z,1899-12-30T13:30:00Z,8,69.2,10,2022-02-01T16:00:00Z,2022-02-02T10:00:00Z,Project_PHA_15073_B02_EXS_RNA.2022-04-12,PASS,chQTL-AM7313-18_GAATGAGA-AATGCCTC_HGNLMDSX3_L003_001.R1.fastq.gz,chQTL-AM7313-18_GAATGAGA-AATGCCTC_HGNLMDSX3_L003_001.R2.fastq.gz,/proj/phanstiel_lab/Data/raw/CQTL/rna/Project_PHA_15073_B02_EXS_RNA.2022-04-12/Sample_chQTL-AM7313-18/fastq/
CQTL_AM7318_R_CTL_18_1,CQTL,AM7318,CTL,18,1,1,2022-02-01T00:00:00Z,1899-12-30T13:30:00Z,8,97,9.8,2022-02-01T16:00:00Z,2022-02-02T10:00:00Z,Project_PHA_15073_B02_EXS_RNA.2022-04-12,PASS,chQTL-AM7318-00_TGCGGCGT-TACCGAGG_HGNLMDSX3_L003_001.R1.fastq.gz,chQTL-AM7318-00_TGCGGCGT-TACCGAGG_HGNLMDSX3_L003_001.R2.fastq.gz,/proj/phanstiel_lab/Data/raw/CQTL/rna/Project_PHA_15073_B02_EXS_RNA.2022-04-12/Sample_chQTL-AM7318-00/fastq/
CQTL_AM7318_R_FNF_18_1,CQTL,AM7318,FNF,18,1,1,2022-02-01T00:00:00Z,1899-12-30T13:30:00Z,8,110,9.8,2022-02-01T16:00:00Z,2022-02-02T10:00:00Z,Project_PHA_15073_B02_EXS_RNA.2022-04-12,PASS,chQTL-AM7318-18_CATAATAC-CGTTAGAA_HGNLMDSX3_L003_001.R1.fastq.gz,chQTL-AM7318-18_CATAATAC-CGTTAGAA_HGNLMDSX3_L003_001.R2.fastq.gz,/proj/phanstiel_lab/Data/raw/CQTL/rna/Project_PHA_15073_B02_EXS_RNA.2022-04-12/Sample_chQTL-AM7318-18/fastq/
CQTL_AM7319_R_CTL_18_1,CQTL,AM7319,CTL,18,1,1,2022-02-01T00:00:00Z,1899-12-30T13:30:00Z,8,78.2,8.8,2022-02-01T16:00:00Z,2022-02-02T10:00:00Z,Project_PHA_15073_B02_EXS_RNA.2022-04-12,PASS,chQTL-AM7319-00_GATCTATC-AGCCTCAT_HGNLMDSX3_L003_001.R1.fastq.gz,chQTL-AM7319-00_GATCTATC-AGCCTCAT_HGNLMDSX3_L003_001.R2.fastq.gz,/proj/phanstiel_lab/Data/raw/CQTL/rna/Project_PHA_15073_B02_EXS_RNA.2022-04-12/Sample_chQTL-AM7319-00/fastq/
CQTL_AM7319_R_FNF_18_1,CQTL,AM7319,FNF,18,1,1,2022-02-01T00:00:00Z,1899-12-30T13:30:00Z,8,106,9.8,2022-02-01T16:00:00Z,2022-02-02T10:00:00Z,Project_PHA_15073_B02_EXS_RNA.2022-04-12,PASS,chQTL-AM7319-18_AGCTCGCT-GATTCTGC_HGNLMDSX3_L003_001.R1.fastq.gz,chQTL-AM7319-18_AGCTCGCT-GATTCTGC_HGNLMDSX3_L003_001.R2.fastq.gz,/proj/phanstiel_lab/Data/raw/CQTL/rna/Project_PHA_15073_B02_EXS_RNA.2022-04-12/Sample_chQTL-AM7319-18/fastq/
CQTL_AM7320_R_CTL_18_1,CQTL,AM7320,CTL,18,1,1,2022-02-01T00:00:00Z,1899-12-30T13:30:00Z,8,48.4,10,2022-02-01T16:00:00Z,2022-02-02T10:00:00Z,Project_PHA_15073_B02_EXS_RNA.2022-04-12,PASS,chQTL-AM7320-00_CGGAACTG-TCGTAGTG_HGNLMDSX3_L003_001.R1.fastq.gz,chQTL-AM7320-00_CGGAACTG-TCGTAGTG_HGNLMDSX3_L003_001.R2.fastq.gz,/proj/phanstiel_lab/Data/raw/CQTL/rna/Project_PHA_15073_B02_EXS_RNA.2022-04-12/Sample_chQTL-AM7320-00/fastq/
CQTL_AM7320_R_FNF_18_1,CQTL,AM7320,FNF,18,1,1,2022-02-01T00:00:00Z,1899-12-30T13:30:00Z,8,58.2,10,2022-02-01T16:00:00Z,2022-02-02T10:00:00Z,Project_PHA_15073_B02_EXS_RNA.2022-04-12,PASS,chQTL-AM7320-18_TAAGGTCA-CTACGACA_HGNLMDSX3_L003_001.R1.fastq.gz,chQTL-AM7320-18_TAAGGTCA-CTACGACA_HGNLMDSX3_L003_001.R2.fastq.gz,/proj/phanstiel_lab/Data/raw/CQTL/rna/Project_PHA_15073_B02_EXS_RNA.2022-04-12/Sample_chQTL-AM7320-18/fastq/
CQTL_AM7321_R_CTL_18_1,CQTL,AM7321,CTL,18,1,1,2022-02-01T00:00:00Z,1899-12-30T13:30:00Z,8,81,9.9,2022-02-01T16:00:00Z,2022-02-02T10:00:00Z,Project_PHA_15073_B02_EXS_RNA.2022-04-12,PASS,chQTL-AM7321-00_TTGCCTAG-TAAGTGGT_HGNLMDSX3_L003_001.R1.fastq.gz,chQTL-AM7321-00_TTGCCTAG-TAAGTGGT_HGNLMDSX3_L003_001.R2.fastq.gz,/proj/phanstiel_lab/Data/raw/CQTL/rna/Project_PHA_15073_B02_EXS_RNA.2022-04-12/Sample_chQTL-AM7321-00/fastq/
CQTL_AM7321_R_FNF_18_1,CQTL,AM7321,FNF,18,1,1,2022-02-01T00:00:00Z,1899-12-30T13:30:00Z,8,51.8,9.9,2022-02-01T16:00:00Z,2022-02-02T10:00:00Z,Project_PHA_15073_B02_EXS_RNA.2022-04-12,PASS,chQTL-AM7321-18_CCATTCGA-CGGACAAC_HGNLMDSX3_L003_001.R1.fastq.gz,chQTL-AM7321-18_CCATTCGA-CGGACAAC_HGNLMDSX3_L003_001.R2.fastq.gz,/proj/phanstiel_lab/Data/raw/CQTL/rna/Project_PHA_15073_B02_EXS_RNA.2022-04-12/Sample_chQTL-AM7321-18/fastq/
CQTL_AM7323_R_CTL_18_1,CQTL,AM7323,CTL,18,1,1,2022-03-02T00:00:00Z,1899-12-30T12:05:00Z,9,102,9.9,2022-03-02T13:50:00Z,2022-03-03T10:00:00Z,Project_PHA_15073_B03_EXS_RNA.2022-05-23,PASS,chQTL-AM7323-00_TCCAACGC-AAGTCCAA_HGNLMDSX3_L001_001.R1.fastq.gz,chQTL-AM7323-00_TCCAACGC-AAGTCCAA_HGNLMDSX3_L001_001.R2.fastq.gz,/proj/phanstiel_lab/Data/raw/CQTL/rna/Project_PHA_15073_B03_EXS_RNA.2022-05-23/Sample_chQTL-AM7323-00/fastq/
CQTL_AM7323_R_FNF_18_1,CQTL,AM7323,FNF,18,1,1,2022-03-02T00:00:00Z,1899-12-30T12:05:00Z,9,150,9.8,2022-03-02T13:50:00Z,2022-03-03T10:00:00Z,Project_PHA_15073_B03_EXS_RNA.2022-05-23,PASS,chQTL-AM7323-18_CCGTGAAG-ATCCACTG_HGNLMDSX3_L001_001.R1.fastq.gz,chQTL-AM7323-18_CCGTGAAG-ATCCACTG_HGNLMDSX3_L001_001.R2.fastq.gz,/proj/phanstiel_lab/Data/raw/CQTL/rna/Project_PHA_15073_B03_EXS_RNA.2022-05-23/Sample_chQTL-AM7323-18/fastq/
CQTL_AM7325_R_CTL_18_1,CQTL,AM7325,CTL,18,1,1,2022-03-02T00:00:00Z,1899-12-30T12:05:00Z,9,88.4,10,2022-03-02T13:50:00Z,2022-03-03T10:00:00Z,Project_PHA_15073_B03_EXS_RNA.2022-05-23,PASS,chQTL-AM7325-00_TTACAGGA-GCTTGTCA_HGNLMDSX3_L001_001.R1.fastq.gz,chQTL-AM7325-00_TTACAGGA-GCTTGTCA_HGNLMDSX3_L001_001.R2.fastq.gz,/proj/phanstiel_lab/Data/raw/CQTL/rna/Project_PHA_15073_B03_EXS_RNA.2022-05-23/Sample_chQTL-AM7325-00/fastq/
CQTL_AM7325_R_FNF_18_1,CQTL,AM7325,FNF,18,1,1,2022-03-02T00:00:00Z,1899-12-30T12:05:00Z,9,116,9.9,2022-03-02T13:50:00Z,2022-03-03T10:00:00Z,Project_PHA_15073_B03_EXS_RNA.2022-05-23,PASS,chQTL-AM7325-18_GGCATTCT-CAAGCTAG_HGNLMDSX3_L001_001.R1.fastq.gz,chQTL-AM7325-18_GGCATTCT-CAAGCTAG_HGNLMDSX3_L001_001.R2.fastq.gz,/proj/phanstiel_lab/Data/raw/CQTL/rna/Project_PHA_15073_B03_EXS_RNA.2022-05-23/Sample_chQTL-AM7325-18/fastq/
CQTL_AM7327_R_CTL_18_1,CQTL,AM7327,CTL,18,1,1,2022-03-02T00:00:00Z,1899-12-30T12:05:00Z,9,102,9.6,2022-03-02T13:50:00Z,2022-03-03T10:00:00Z,Project_PHA_15073_B03_EXS_RNA.2022-05-23,PASS,chQTL-AM7327-00_AATGCCTC-TGGATCGA_HGNLMDSX3_L001_001.R1.fastq.gz,chQTL-AM7327-00_AATGCCTC-TGGATCGA_HGNLMDSX3_L001_001.R2.fastq.gz,/proj/phanstiel_lab/Data/raw/CQTL/rna/Project_PHA_15073_B03_EXS_RNA.2022-05-23/Sample_chQTL-AM7327-00/fastq/
CQTL_AM7327_R_FNF_18_1,CQTL,AM7327,FNF,18,1,1,2022-03-02T00:00:00Z,1899-12-30T12:05:00Z,9,96,9.6,2022-03-02T13:50:00Z,2022-03-03T10:00:00Z,Project_PHA_15073_B03_EXS_RNA.2022-05-23,PASS,chQTL-AM7327-18_TACCGAGG-AGTTCAGG_HGNLMDSX3_L002_001.R1.fastq.gz,chQTL-AM7327-18_TACCGAGG-AGTTCAGG_HGNLMDSX3_L002_001.R2.fastq.gz,/proj/phanstiel_lab/Data/raw/CQTL/rna/Project_PHA_15073_B03_EXS_RNA.2022-05-23/Sample_chQTL-AM7327-18/fastq/
CQTL_AM7328_R_CTL_18_1,CQTL,AM7328,CTL,18,1,1,2022-03-02T00:00:00Z,1899-12-30T12:05:00Z,9,93,10,2022-03-02T13:50:00Z,2022-03-03T10:00:00Z,Project_PHA_15073_B03_EXS_RNA.2022-05-23,PASS,chQTL-AM7328-00_CGTTAGAA-GACCTGAA_HGNLMDSX3_L002_001.R1.fastq.gz,chQTL-AM7328-00_CGTTAGAA-GACCTGAA_HGNLMDSX3_L002_001.R2.fastq.gz,/proj/phanstiel_lab/Data/raw/CQTL/rna/Project_PHA_15073_B03_EXS_RNA.2022-05-23/Sample_chQTL-AM7328-00/fastq/
CQTL_AM7328_R_FNF_18_1,CQTL,AM7328,FNF,18,1,1,2022-03-02T00:00:00Z,1899-12-30T12:05:00Z,9,114,10,2022-03-02T13:50:00Z,2022-03-03T10:00:00Z,Project_PHA_15073_B03_EXS_RNA.2022-05-23,PASS,chQTL-AM7328-18_AGCCTCAT-TCTCTACT_HGNLMDSX3_L002_001.R1.fastq.gz,chQTL-AM7328-18_AGCCTCAT-TCTCTACT_HGNLMDSX3_L002_001.R2.fastq.gz,/proj/phanstiel_lab/Data/raw/CQTL/rna/Project_PHA_15073_B03_EXS_RNA.2022-05-23/Sample_chQTL-AM7328-18/fastq/
CQTL_AM7329_R_CTL_18_1,CQTL,AM7329,CTL,18,1,1,2022-03-02T00:00:00Z,1899-12-30T12:05:00Z,9,120,9.8,2022-03-02T13:50:00Z,2022-03-03T10:00:00Z,Project_PHA_15073_B03_EXS_RNA.2022-05-23,PASS,chQTL-AM7329-00_GATTCTGC-CTCTCGTC_HGNLMDSX3_L002_001.R1.fastq.gz,chQTL-AM7329-00_GATTCTGC-CTCTCGTC_HGNLMDSX3_L002_001.R2.fastq.gz,/proj/phanstiel_lab/Data/raw/CQTL/rna/Project_PHA_15073_B03_EXS_RNA.2022-05-23/Sample_chQTL-AM7329-00/fastq/
CQTL_AM7329_R_FNF_18_1,CQTL,AM7329,FNF,18,1,1,2022-03-02T00:00:00Z,1899-12-30T12:05:00Z,9,168,9.8,2022-03-02T13:50:00Z,2022-03-03T10:00:00Z,Project_PHA_15073_B03_EXS_RNA.2022-05-23,PASS,chQTL-AM7329-18_TCGTAGTG-CCAAGTCT_HGNLMDSX3_L002_001.R1.fastq.gz,chQTL-AM7329-18_TCGTAGTG-CCAAGTCT_HGNLMDSX3_L002_001.R2.fastq.gz,/proj/phanstiel_lab/Data/raw/CQTL/rna/Project_PHA_15073_B03_EXS_RNA.2022-05-23/Sample_chQTL-AM7329-18/fastq/
CQTL_AM7332_R_CTL_18_1,CQTL,AM7332,CTL,18,1,1,2022-03-02T00:00:00Z,1899-12-30T12:05:00Z,9,81.4,9.9,2022-03-02T13:50:00Z,2022-03-03T10:00:00Z,Project_PHA_15073_B03_EXS_RNA.2022-05-23,PASS,chQTL-AM7332-00_CTACGACA-TTGGACTC_HGNLMDSX3_L002_001.R1.fastq.gz,chQTL-AM7332-00_CTACGACA-TTGGACTC_HGNLMDSX3_L002_001.R2.fastq.gz,/proj/phanstiel_lab/Data/raw/CQTL/rna/Project_PHA_15073_B03_EXS_RNA.2022-05-23/Sample_chQTL-AM7332-00/fastq/
CQTL_AM7332_R_FNF_18_1,CQTL,AM7332,FNF,18,1,1,2022-03-02T00:00:00Z,1899-12-30T12:05:00Z,9,92.2,9.9,2022-03-02T13:50:00Z,2022-03-03T10:00:00Z,Project_PHA_15073_B03_EXS_RNA.2022-05-23,PASS,chQTL-AM7332-18_TAAGTGGT-GGCTTAAG_HGNLMDSX3_L002_001.R1.fastq.gz,chQTL-AM7332-18_TAAGTGGT-GGCTTAAG_HGNLMDSX3_L002_001.R2.fastq.gz,/proj/phanstiel_lab/Data/raw/CQTL/rna/Project_PHA_15073_B03_EXS_RNA.2022-05-23/Sample_chQTL-AM7332-18/fastq/
CQTL_AM7333_R_CTL_18_1,CQTL,AM7333,CTL,18,1,1,2022-03-02T00:00:00Z,1899-12-30T12:05:00Z,9,55,10,2022-03-02T13:50:00Z,2022-03-03T10:00:00Z,Project_PHA_15073_B03_EXS_RNA.2022-05-23,PASS,chQTL-AM7333-00_CGGACAAC-AATCCGGA_HGNLMDSX3_L002_001.R1.fastq.gz,chQTL-AM7333-00_CGGACAAC-AATCCGGA_HGNLMDSX3_L002_001.R2.fastq.gz,/proj/phanstiel_lab/Data/raw/CQTL/rna/Project_PHA_15073_B03_EXS_RNA.2022-05-23/Sample_chQTL-AM7333-00/fastq/
CQTL_AM7333_R_FNF_18_1,CQTL,AM7333,FNF,18,1,1,2022-03-02T00:00:00Z,1899-12-30T12:05:00Z,9,106,9.9,2022-03-02T13:50:00Z,2022-03-03T10:00:00Z,Project_PHA_15073_B03_EXS_RNA.2022-05-23,PASS,chQTL-AM7333-18_ATATGGAT-TAATACAG_HGNLMDSX3_L002_001.R1.fastq.gz,chQTL-AM7333-18_ATATGGAT-TAATACAG_HGNLMDSX3_L002_001.R2.fastq.gz,/proj/phanstiel_lab/Data/raw/CQTL/rna/Project_PHA_15073_B03_EXS_RNA.2022-05-23/Sample_chQTL-AM7333-18/fastq/
CQTL_AM7334_R_CTL_18_1,CQTL,AM7334,CTL,18,1,1,2022-03-02T00:00:00Z,1899-12-30T12:05:00Z,9,114,9.9,2022-03-02T13:50:00Z,2022-03-03T10:00:00Z,Project_PHA_15073_B03_EXS_RNA.2022-05-23,PASS,chQTL-AM7334-00_GCGCAAGC-CGGCGTGA_HGNLMDSX3_L002_001.R1.fastq.gz,chQTL-AM7334-00_GCGCAAGC-CGGCGTGA_HGNLMDSX3_L002_001.R2.fastq.gz,/proj/phanstiel_lab/Data/raw/CQTL/rna/Project_PHA_15073_B03_EXS_RNA.2022-05-23/Sample_chQTL-AM7334-00/fastq/
CQTL_AM7334_R_FNF_18_1,CQTL,AM7334,FNF,18,1,1,2022-03-02T00:00:00Z,1899-12-30T12:05:00Z,9,104,9.9,2022-03-02T13:50:00Z,2022-03-03T10:00:00Z,Project_PHA_15073_B03_EXS_RNA.2022-05-23,PASS,chQTL-AM7334-18_AAGATACT-ATGTAAGT_HGNLMDSX3_L002_001.R1.fastq.gz,chQTL-AM7334-18_AAGATACT-ATGTAAGT_HGNLMDSX3_L002_001.R2.fastq.gz,/proj/phanstiel_lab/Data/raw/CQTL/rna/Project_PHA_15073_B03_EXS_RNA.2022-05-23/Sample_chQTL-AM7334-18/fastq/
CQTL_AM7336_R_CTL_18_1,CQTL,AM7336,CTL,18,1,1,2022-03-04T00:00:00Z,1899-12-30T12:10:00Z,9,118,9.7,2022-03-04T14:00:00Z,2022-03-07T10:00:00Z,Project_PHA_15073_B03_EXS_RNA.2022-05-23,PASS,chQTL-AM7336-00_GGAGCGTC-GCACGGAC_HGNLMDSX3_L002_001.R1.fastq.gz,chQTL-AM7336-00_GGAGCGTC-GCACGGAC_HGNLMDSX3_L002_001.R2.fastq.gz,/proj/phanstiel_lab/Data/raw/CQTL/rna/Project_PHA_15073_B03_EXS_RNA.2022-05-23/Sample_chQTL-AM7336-00/fastq/
CQTL_AM7336_R_FNF_18_1,CQTL,AM7336,FNF,18,1,1,2022-03-04T00:00:00Z,1899-12-30T12:10:00Z,9,122,9.7,2022-03-04T14:00:00Z,2022-03-07T10:00:00Z,Project_PHA_15073_B03_EXS_RNA.2022-05-23,PASS,chQTL-AM7336-18_ATGGCATG-GGTACCTT_HGNLMDSX3_L002_001.R1.fastq.gz,chQTL-AM7336-18_ATGGCATG-GGTACCTT_HGNLMDSX3_L002_001.R2.fastq.gz,/proj/phanstiel_lab/Data/raw/CQTL/rna/Project_PHA_15073_B03_EXS_RNA.2022-05-23/Sample_chQTL-AM7336-18/fastq/
CQTL_AM7337_R_CTL_18_1,CQTL,AM7337,CTL,18,1,1,2022-03-04T00:00:00Z,1899-12-30T12:10:00Z,9,76.6,9.9,2022-03-04T14:00:00Z,2022-03-07T10:00:00Z,Project_PHA_15073_B03_EXS_RNA.2022-05-23,PASS,chQTL-AM7337-00_GCAATGCA-AACGTTCC_HGNLMDSX3_L002_001.R1.fastq.gz,chQTL-AM7337-00_GCAATGCA-AACGTTCC_HGNLMDSX3_L002_001.R2.fastq.gz,/proj/phanstiel_lab/Data/raw/CQTL/rna/Project_PHA_15073_B03_EXS_RNA.2022-05-23/Sample_chQTL-AM7337-00/fastq/
CQTL_AM7337_R_FNF_18_1,CQTL,AM7337,FNF,18,1,1,2022-03-04T00:00:00Z,1899-12-30T12:10:00Z,9,91.4,10,2022-03-04T14:00:00Z,2022-03-07T10:00:00Z,Project_PHA_15073_B03_EXS_RNA.2022-05-23,PASS,chQTL-AM7337-18_GTTCCAAT-GCAGAATT_HGNLMDSX3_L002_001.R1.fastq.gz,chQTL-AM7337-18_GTTCCAAT-GCAGAATT_HGNLMDSX3_L002_001.R2.fastq.gz,/proj/phanstiel_lab/Data/raw/CQTL/rna/Project_PHA_15073_B03_EXS_RNA.2022-05-23/Sample_chQTL-AM7337-18/fastq/
CQTL_AM7343_R_CTL_18_1,CQTL,AM7343,CTL,18,1,1,2022-03-04T00:00:00Z,1899-12-30T12:10:00Z,9,77,10,2022-03-04T14:00:00Z,2022-03-07T10:00:00Z,Project_PHA_15073_B03_EXS_RNA.2022-05-23,PASS,chQTL-AM7343-00_ACCTTGGC-ATGAGGCC_HGNLMDSX3_L002_001.R1.fastq.gz,chQTL-AM7343-00_ACCTTGGC-ATGAGGCC_HGNLMDSX3_L002_001.R2.fastq.gz,/proj/phanstiel_lab/Data/raw/CQTL/rna/Project_PHA_15073_B03_EXS_RNA.2022-05-23/Sample_chQTL-AM7343-00/fastq/
CQTL_AM7343_R_FNF_18_1,CQTL,AM7343,FNF,18,1,1,2022-03-04T00:00:00Z,1899-12-30T12:10:00Z,9,89.4,10,2022-03-04T14:00:00Z,2022-03-07T10:00:00Z,Project_PHA_15073_B03_EXS_RNA.2022-05-23,PASS,chQTL-AM7343-18_ATATCTCG-ACTAAGAT_HGNLMDSX3_L002_001.R1.fastq.gz,chQTL-AM7343-18_ATATCTCG-ACTAAGAT_HGNLMDSX3_L002_001.R2.fastq.gz,/proj/phanstiel_lab/Data/raw/CQTL/rna/Project_PHA_15073_B03_EXS_RNA.2022-05-23/Sample_chQTL-AM7343-18/fastq/
CQTL_AM7344_R_CTL_18_1,CQTL,AM7344,CTL,18,1,1,2022-03-04T00:00:00Z,1899-12-30T12:10:00Z,9,59.8,10,2022-03-04T14:00:00Z,2022-03-07T10:00:00Z,Project_PHA_15073_B03_EXS_RNA.2022-05-23,PASS,chQTL-AM7344-00_GCGCTCTA-GTCGGAGC_HGNLMDSX3_L002_001.R1.fastq.gz,chQTL-AM7344-00_GCGCTCTA-GTCGGAGC_HGNLMDSX3_L002_001.R2.fastq.gz,/proj/phanstiel_lab/Data/raw/CQTL/rna/Project_PHA_15073_B03_EXS_RNA.2022-05-23/Sample_chQTL-AM7344-00/fastq/
CQTL_AM7344_R_FNF_18_1,CQTL,AM7344,FNF,18,1,1,2022-03-04T00:00:00Z,1899-12-30T12:10:00Z,9,95.6,10,2022-03-04T14:00:00Z,2022-03-07T10:00:00Z,Project_PHA_15073_B03_EXS_RNA.2022-05-23,PASS,chQTL-AM7344-18_AACAGGTT-CTTGGTAT_HGNLMDSX3_L002_001.R1.fastq.gz,chQTL-AM7344-18_AACAGGTT-CTTGGTAT_HGNLMDSX3_L002_001.R2.fastq.gz,/proj/phanstiel_lab/Data/raw/CQTL/rna/Project_PHA_15073_B03_EXS_RNA.2022-05-23/Sample_chQTL-AM7344-18/fastq/
CQTL_AM7345_R_CTL_18_1,CQTL,AM7345,CTL,18,1,1,2022-03-04T00:00:00Z,1899-12-30T12:10:00Z,9,166,9.9,2022-03-04T14:00:00Z,2022-03-07T10:00:00Z,Project_PHA_15073_B03_EXS_RNA.2022-05-23,PASS,chQTL-AM7345-00_GGTGAACC-TCCAACGC_HGNLMDSX3_L002_001.R1.fastq.gz,chQTL-AM7345-00_GGTGAACC-TCCAACGC_HGNLMDSX3_L002_001.R2.fastq.gz,/proj/phanstiel_lab/Data/raw/CQTL/rna/Project_PHA_15073_B03_EXS_RNA.2022-05-23/Sample_chQTL-AM7345-00/fastq/
CQTL_AM7345_R_FNF_18_1,CQTL,AM7345,FNF,18,1,1,2022-03-04T00:00:00Z,1899-12-30T12:10:00Z,9,168,9.9,2022-03-04T14:00:00Z,2022-03-07T10:00:00Z,Project_PHA_15073_B03_EXS_RNA.2022-05-23,PASS,chQTL-AM7345-18_CAACAATG-CCGTGAAG_HGNLMDSX3_L002_001.R1.fastq.gz,chQTL-AM7345-18_CAACAATG-CCGTGAAG_HGNLMDSX3_L002_001.R2.fastq.gz,/proj/phanstiel_lab/Data/raw/CQTL/rna/Project_PHA_15073_B03_EXS_RNA.2022-05-23/Sample_chQTL-AM7345-18/fastq/
CQTL_AM7346_R_CTL_18_1,CQTL,AM7346,CTL,18,1,1,2022-03-04T00:00:00Z,1899-12-30T12:10:00Z,9,85.2,10,2022-03-04T14:00:00Z,2022-03-07T10:00:00Z,Project_PHA_15073_B03_EXS_RNA.2022-05-23,PASS,chQTL-AM7346-00_TGGTGGCA-TTACAGGA_HGNLMDSX3_L002_001.R1.fastq.gz,chQTL-AM7346-00_TGGTGGCA-TTACAGGA_HGNLMDSX3_L002_001.R2.fastq.gz,/proj/phanstiel_lab/Data/raw/CQTL/rna/Project_PHA_15073_B03_EXS_RNA.2022-05-23/Sample_chQTL-AM7346-00/fastq/
CQTL_AM7346_R_FNF_18_1,CQTL,AM7346,FNF,18,1,1,2022-03-04T00:00:00Z,1899-12-30T12:10:00Z,9,106,10,2022-03-04T14:00:00Z,2022-03-07T10:00:00Z,Project_PHA_15073_B03_EXS_RNA.2022-05-23,PASS,chQTL-AM7346-18_GAATGAGA-AATGCCTC_HGNLMDSX3_L002_001.R1.fastq.gz,chQTL-AM7346-18_GAATGAGA-AATGCCTC_HGNLMDSX3_L002_001.R2.fastq.gz,/proj/phanstiel_lab/Data/raw/CQTL/rna/Project_PHA_15073_B03_EXS_RNA.2022-05-23/Sample_chQTL-AM7346-18/fastq/
CQTL_AM7352_R_CTL_18_1,CQTL,AM7352,CTL,18,1,1,2022-03-04T00:00:00Z,1899-12-30T12:10:00Z,9,58.4,10,2022-03-04T14:00:00Z,2022-03-07T10:00:00Z,Project_PHA_15073_B03_EXS_RNA.2022-05-23,PASS,chQTL-AM7352-00_TGCGGCGT-TACCGAGG_HGNLMDSX3_L002_001.R1.fastq.gz,chQTL-AM7352-00_TGCGGCGT-TACCGAGG_HGNLMDSX3_L002_001.R2.fastq.gz,/proj/phanstiel_lab/Data/raw/CQTL/rna/Project_PHA_15073_B03_EXS_RNA.2022-05-23/Sample_chQTL-AM7352-00/fastq/
CQTL_AM7352_R_FNF_18_1,CQTL,AM7352,FNF,18,1,1,2022-03-04T00:00:00Z,1899-12-30T12:10:00Z,9,75.2,10,2022-03-04T14:00:00Z,2022-03-07T10:00:00Z,Project_PHA_15073_B03_EXS_RNA.2022-05-23,PASS,chQTL-AM7352-18_CATAATAC-CGTTAGAA_HGNLMDSX3_L002_001.R1.fastq.gz,chQTL-AM7352-18_CATAATAC-CGTTAGAA_HGNLMDSX3_L002_001.R2.fastq.gz,/proj/phanstiel_lab/Data/raw/CQTL/rna/Project_PHA_15073_B03_EXS_RNA.2022-05-23/Sample_chQTL-AM7352-18/fastq/
CQTL_AM7352_R_FNF_18_1,CQTL,AM7352,FNF,18,1,2,2022-03-04T00:00:00Z,1899-12-30T12:10:00Z,9,75.2,10,2022-03-04T14:00:00Z,2022-03-07T10:00:00Z,Project_PHA_15073_B03_EXS_RNA.2022-05-23,PASS,chQTL-AM7352-18_GTTCCAAT-GCAGAATT_HLWGVDSX3_L004_001.R1.fastq.gz,chQTL-AM7352-18_GTTCCAAT-GCAGAATT_HLWGVDSX3_L004_001.R2.fastq.gz,/proj/phanstiel_lab/Data/raw/CQTL/rna/Project_PHA_15073_B03_EXS_RNA.2022-05-23/Sample_chQTL-AM7352-18/fastq/
CQTL_AM7353_R_CTL_18_1,CQTL,AM7353,CTL,18,1,1,2022-03-04T00:00:00Z,1899-12-30T12:10:00Z,9,63,10,2022-03-04T14:00:00Z,2022-03-07T10:00:00Z,Project_PHA_15073_B03_EXS_RNA.2022-05-23,PASS,chQTL-AM7353-00_GATCTATC-AGCCTCAT_HGNLMDSX3_L002_001.R1.fastq.gz,chQTL-AM7353-00_GATCTATC-AGCCTCAT_HGNLMDSX3_L002_001.R2.fastq.gz,/proj/phanstiel_lab/Data/raw/CQTL/rna/Project_PHA_15073_B03_EXS_RNA.2022-05-23/Sample_chQTL-AM7353-00/fastq/
CQTL_AM7353_R_FNF_18_1,CQTL,AM7353,FNF,18,1,1,2022-03-04T00:00:00Z,1899-12-30T12:10:00Z,9,70.8,10,2022-03-04T14:00:00Z,2022-03-07T10:00:00Z,Project_PHA_15073_B03_EXS_RNA.2022-05-23,PASS,chQTL-AM7353-18_AGCTCGCT-GATTCTGC_HGNLMDSX3_L002_001.R1.fastq.gz,chQTL-AM7353-18_AGCTCGCT-GATTCTGC_HGNLMDSX3_L002_001.R2.fastq.gz,/proj/phanstiel_lab/Data/raw/CQTL/rna/Project_PHA_15073_B03_EXS_RNA.2022-05-23/Sample_chQTL-AM7353-18/fastq/
CQTL_AM7354_R_CTL_18_1,CQTL,AM7354,CTL,18,1,1,2022-03-09T00:00:00Z,1899-12-30T12:00:00Z,10,67.2,9.9,2022-03-09T13:45:00Z,2022-03-10T10:00:00Z,Project_PHA_15073_B04_EXS_RNA.2022-05-23,PASS,chQTL-AM7354-00_TACCGAGG-AGTTCAGG_HLWGVDSX3_L004_001.R1.fastq.gz,chQTL-AM7354-00_TACCGAGG-AGTTCAGG_HLWGVDSX3_L004_001.R2.fastq.gz,/proj/phanstiel_lab/Data/raw/CQTL/rna/Project_PHA_15073_B04_EXS_RNA.2022-05-23/Sample_chQTL-AM7354-00/fastq/
CQTL_AM7354_R_FNF_18_1,CQTL,AM7354,FNF,18,1,1,2022-03-09T00:00:00Z,1899-12-30T12:00:00Z,10,130,9.8,2022-03-09T13:45:00Z,2022-03-10T10:00:00Z,Project_PHA_15073_B04_EXS_RNA.2022-05-23,PASS,chQTL-AM7354-18_CGTTAGAA-GACCTGAA_HLWGVDSX3_L004_001.R1.fastq.gz,chQTL-AM7354-18_CGTTAGAA-GACCTGAA_HLWGVDSX3_L004_001.R2.fastq.gz,/proj/phanstiel_lab/Data/raw/CQTL/rna/Project_PHA_15073_B04_EXS_RNA.2022-05-23/Sample_chQTL-AM7354-18/fastq/
CQTL_AM7356_R_CTL_18_1,CQTL,AM7356,CTL,18,1,1,2022-03-09T00:00:00Z,1899-12-30T12:00:00Z,10,168,9.8,2022-03-09T13:45:00Z,2022-03-10T10:00:00Z,Project_PHA_15073_B04_EXS_RNA.2022-05-23,PASS,chQTL-AM7356-00_AGCCTCAT-TCTCTACT_HLWGVDSX3_L004_001.R1.fastq.gz,chQTL-AM7356-00_AGCCTCAT-TCTCTACT_HLWGVDSX3_L004_001.R2.fastq.gz,/proj/phanstiel_lab/Data/raw/CQTL/rna/Project_PHA_15073_B04_EXS_RNA.2022-05-23/Sample_chQTL-AM7356-00/fastq/
CQTL_AM7356_R_FNF_18_1,CQTL,AM7356,FNF,18,1,1,2022-03-09T00:00:00Z,1899-12-30T12:00:00Z,10,156,9.7,2022-03-09T13:45:00Z,2022-03-10T10:00:00Z,Project_PHA_15073_B04_EXS_RNA.2022-05-23,PASS,chQTL-AM7356-18_GATTCTGC-CTCTCGTC_HLWGVDSX3_L004_001.R1.fastq.gz,chQTL-AM7356-18_GATTCTGC-CTCTCGTC_HLWGVDSX3_L004_001.R2.fastq.gz,/proj/phanstiel_lab/Data/raw/CQTL/rna/Project_PHA_15073_B04_EXS_RNA.2022-05-23/Sample_chQTL-AM7356-18/fastq/
CQTL_AM7359_R_CTL_18_1,CQTL,AM7359,CTL,18,1,1,2022-03-09T00:00:00Z,1899-12-30T12:00:00Z,10,62.2,10,2022-03-09T13:45:00Z,2022-03-10T10:00:00Z,Project_PHA_15073_B04_EXS_RNA.2022-05-23,PASS,chQTL-AM7359-00_TCGTAGTG-CCAAGTCT_HLWGVDSX3_L004_001.R1.fastq.gz,chQTL-AM7359-00_TCGTAGTG-CCAAGTCT_HLWGVDSX3_L004_001.R2.fastq.gz,/proj/phanstiel_lab/Data/raw/CQTL/rna/Project_PHA_15073_B04_EXS_RNA.2022-05-23/Sample_chQTL-AM7359-00/fastq/
CQTL_AM7359_R_FNF_18_1,CQTL,AM7359,FNF,18,1,1,2022-03-09T00:00:00Z,1899-12-30T12:00:00Z,10,56,10,2022-03-09T13:45:00Z,2022-03-10T10:00:00Z,Project_PHA_15073_B04_EXS_RNA.2022-05-23,PASS,chQTL-AM7359-18_CTACGACA-TTGGACTC_HLWGVDSX3_L004_001.R1.fastq.gz,chQTL-AM7359-18_CTACGACA-TTGGACTC_HLWGVDSX3_L004_001.R2.fastq.gz,/proj/phanstiel_lab/Data/raw/CQTL/rna/Project_PHA_15073_B04_EXS_RNA.2022-05-23/Sample_chQTL-AM7359-18/fastq/
CQTL_AM7361_R_CTL_18_1,CQTL,AM7361,CTL,18,1,1,2022-03-09T00:00:00Z,1899-12-30T12:00:00Z,10,86.4,10,2022-03-09T13:45:00Z,2022-03-10T10:00:00Z,Project_PHA_15073_B04_EXS_RNA.2022-05-23,PASS,chQTL-AM7361-00_TAAGTGGT-GGCTTAAG_HLWGVDSX3_L004_001.R1.fastq.gz,chQTL-AM7361-00_TAAGTGGT-GGCTTAAG_HLWGVDSX3_L004_001.R2.fastq.gz,/proj/phanstiel_lab/Data/raw/CQTL/rna/Project_PHA_15073_B04_EXS_RNA.2022-05-23/Sample_chQTL-AM7361-00/fastq/
CQTL_AM7361_R_FNF_18_1,CQTL,AM7361,FNF,18,1,1,2022-03-09T00:00:00Z,1899-12-30T12:00:00Z,10,108,10,2022-03-09T13:45:00Z,2022-03-10T10:00:00Z,Project_PHA_15073_B04_EXS_RNA.2022-05-23,PASS,chQTL-AM7361-18_CGGACAAC-AATCCGGA_HLWGVDSX3_L004_001.R1.fastq.gz,chQTL-AM7361-18_CGGACAAC-AATCCGGA_HLWGVDSX3_L004_001.R2.fastq.gz,/proj/phanstiel_lab/Data/raw/CQTL/rna/Project_PHA_15073_B04_EXS_RNA.2022-05-23/Sample_chQTL-AM7361-18/fastq/
CQTL_AM7362_R_CTL_18_1,CQTL,AM7362,CTL,18,1,1,2022-03-09T00:00:00Z,1899-12-30T12:00:00Z,10,84.2,9.7,2022-03-09T13:45:00Z,2022-03-10T10:00:00Z,Project_PHA_15073_B04_EXS_RNA.2022-05-23,PASS,chQTL-AM7362-00_ATATGGAT-TAATACAG_HLWGVDSX3_L004_001.R1.fastq.gz,chQTL-AM7362-00_ATATGGAT-TAATACAG_HLWGVDSX3_L004_001.R2.fastq.gz,/proj/phanstiel_lab/Data/raw/CQTL/rna/Project_PHA_15073_B04_EXS_RNA.2022-05-23/Sample_chQTL-AM7362-00/fastq/
CQTL_AM7362_R_FNF_18_1,CQTL,AM7362,FNF,18,1,1,2022-03-09T00:00:00Z,1899-12-30T12:00:00Z,10,186,9.6,2022-03-09T13:45:00Z,2022-03-10T10:00:00Z,Project_PHA_15073_B04_EXS_RNA.2022-05-23,PASS,chQTL-AM7362-18_GCGCAAGC-CGGCGTGA_HLWGVDSX3_L004_001.R1.fastq.gz,chQTL-AM7362-18_GCGCAAGC-CGGCGTGA_HLWGVDSX3_L004_001.R2.fastq.gz,/proj/phanstiel_lab/Data/raw/CQTL/rna/Project_PHA_15073_B04_EXS_RNA.2022-05-23/Sample_chQTL-AM7362-18/fastq/
CQTL_AM7365_R_CTL_18_1,CQTL,AM7365,CTL,18,1,1,2022-03-09T00:00:00Z,1899-12-30T12:00:00Z,10,116,9.9,2022-03-09T13:45:00Z,2022-03-10T10:00:00Z,Project_PHA_15073_B04_EXS_RNA.2022-05-23,PASS,chQTL-AM7365-00_AAGATACT-ATGTAAGT_HLWGVDSX3_L004_001.R1.fastq.gz,chQTL-AM7365-00_AAGATACT-ATGTAAGT_HLWGVDSX3_L004_001.R2.fastq.gz,/proj/phanstiel_lab/Data/raw/CQTL/rna/Project_PHA_15073_B04_EXS_RNA.2022-05-23/Sample_chQTL-AM7365-00/fastq/
CQTL_AM7365_R_FNF_18_1,CQTL,AM7365,FNF,18,1,1,2022-03-09T00:00:00Z,1899-12-30T12:00:00Z,10,128,10,2022-03-09T13:45:00Z,2022-03-10T10:00:00Z,Project_PHA_15073_B04_EXS_RNA.2022-05-23,PASS,chQTL-AM7365-18_GGAGCGTC-GCACGGAC_HLWGVDSX3_L004_001.R1.fastq.gz,chQTL-AM7365-18_GGAGCGTC-GCACGGAC_HLWGVDSX3_L004_001.R2.fastq.gz,/proj/phanstiel_lab/Data/raw/CQTL/rna/Project_PHA_15073_B04_EXS_RNA.2022-05-23/Sample_chQTL-AM7365-18/fastq/
CQTL_AM7372_R_CTL_18_1,CQTL,AM7372,CTL,18,1,1,2022-03-09T00:00:00Z,1899-12-30T12:00:00Z,10,108,10,2022-03-09T13:45:00Z,2022-03-10T10:00:00Z,Project_PHA_15073_B04_EXS_RNA.2022-05-23,PASS,chQTL-AM7372-00_ATGGCATG-GGTACCTT_HLWGVDSX3_L004_001.R1.fastq.gz,chQTL-AM7372-00_ATGGCATG-GGTACCTT_HLWGVDSX3_L004_001.R2.fastq.gz,/proj/phanstiel_lab/Data/raw/CQTL/rna/Project_PHA_15073_B04_EXS_RNA.2022-05-23/Sample_chQTL-AM7372-00/fastq/
CQTL_AM7372_R_FNF_18_1,CQTL,AM7372,FNF,18,1,1,2022-03-09T00:00:00Z,1899-12-30T12:00:00Z,10,89.4,10,2022-03-09T13:45:00Z,2022-03-10T10:00:00Z,Project_PHA_15073_B04_EXS_RNA.2022-05-23,PASS,chQTL-AM7372-18_GCAATGCA-AACGTTCC_HLWGVDSX3_L004_001.R1.fastq.gz,chQTL-AM7372-18_GCAATGCA-AACGTTCC_HLWGVDSX3_L004_001.R2.fastq.gz,/proj/phanstiel_lab/Data/raw/CQTL/rna/Project_PHA_15073_B04_EXS_RNA.2022-05-23/Sample_chQTL-AM7372-18/fastq/
CQTL_AM7373_R_CTL_18_1,CQTL,AM7373,CTL,18,1,NA,2022-08-15T00:00:00Z,1899-12-30T11:00:00Z,11,93.2,10,2022-08-15T00:00:00Z,2022-08-23T09:30:00Z,NA,PASS,chQTL-AM7373-00_CCGCGGTT-CTAGCGCT_HFJF2DSX5_L001_001.R1.fastq.gz,chQTL-AM7373-00_CCGCGGTT-CTAGCGCT_HFJF2DSX5_L001_001.R2.fastq.gz,/proj/phanstiel_lab/Data/raw/CQTL/rna/Project_PHA_15073_B05_EXS_RNA.2023-01-05/Sample_chQTL-AM7373-00/fastq/
CQTL_AM7373_R_FNF_18_1,CQTL,AM7373,FNF,18,1,NA,2022-08-15T00:00:00Z,1899-12-30T11:00:00Z,11,100,9.8,2022-08-15T00:00:00Z,2022-08-23T09:30:00Z,NA,PASS,chQTL-AM7373-18_TTATAACC-TCGATATC_HFJF2DSX5_L001_001.R1.fastq.gz,chQTL-AM7373-18_TTATAACC-TCGATATC_HFJF2DSX5_L001_001.R2.fastq.gz,/proj/phanstiel_lab/Data/raw/CQTL/rna/Project_PHA_15073_B05_EXS_RNA.2023-01-05/Sample_chQTL-AM7373-18/fastq/
CQTL_AM7380_R_CTL_18_1,CQTL,AM7380,CTL,18,1,NA,2022-08-15T00:00:00Z,1899-12-30T11:00:00Z,11,66.6,10,2022-08-15T00:00:00Z,2022-08-23T09:30:00Z,NA,PASS,chQTL-AM7380-00_GGACTTGG-CGTCTGCG_HFJF2DSX5_L001_001.R1.fastq.gz,chQTL-AM7380-00_GGACTTGG-CGTCTGCG_HFJF2DSX5_L001_001.R2.fastq.gz,/proj/phanstiel_lab/Data/raw/CQTL/rna/Project_PHA_15073_B05_EXS_RNA.2023-01-05/Sample_chQTL-AM7380-00/fastq/
CQTL_AM7380_R_FNF_18_1,CQTL,AM7380,FNF,18,1,NA,2022-08-15T00:00:00Z,1899-12-30T11:00:00Z,11,39.6,10,2022-08-15T00:00:00Z,2022-08-23T09:30:00Z,NA,PASS,chQTL-AM7380-18_AAGTCCAA-TACTCATA_HFJF2DSX5_L001_001.R1.fastq.gz,chQTL-AM7380-18_AAGTCCAA-TACTCATA_HFJF2DSX5_L001_001.R2.fastq.gz,/proj/phanstiel_lab/Data/raw/CQTL/rna/Project_PHA_15073_B05_EXS_RNA.2023-01-05/Sample_chQTL-AM7380-18/fastq/
CQTL_AM7382_R_CTL_18_1,CQTL,AM7382,CTL,18,1,NA,2022-08-18T00:00:00Z,1899-12-30T09:00:00Z,11,74.6,9.6,2022-08-18T00:00:00Z,2022-08-23T09:30:00Z,NA,PASS,chQTL-AM7382-00_ATCCACTG-ACGCACCT_HFJF2DSX5_L001_001.R1.fastq.gz,chQTL-AM7382-00_ATCCACTG-ACGCACCT_HFJF2DSX5_L001_001.R2.fastq.gz,/proj/phanstiel_lab/Data/raw/CQTL/rna/Project_PHA_15073_B05_EXS_RNA.2023-01-05/Sample_chQTL-AM7382-00/fastq/
CQTL_AM7382_R_FNF_18_1,CQTL,AM7382,FNF,18,1,NA,2022-08-18T00:00:00Z,1899-12-30T09:00:00Z,11,64.6,9.6,2022-08-18T00:00:00Z,2022-08-23T09:30:00Z,NA,PASS,chQTL-AM7382-18_GCTTGTCA-GTATGTTC_HFJF2DSX5_L001_001.R1.fastq.gz,chQTL-AM7382-18_GCTTGTCA-GTATGTTC_HFJF2DSX5_L001_001.R2.fastq.gz,/proj/phanstiel_lab/Data/raw/CQTL/rna/Project_PHA_15073_B05_EXS_RNA.2023-01-05/Sample_chQTL-AM7382-18/fastq/
CQTL_AM7383_R_CTL_18_1,CQTL,AM7383,CTL,18,1,NA,2022-08-18T00:00:00Z,1899-12-30T09:00:00Z,11,94.6,9.6,2022-08-18T00:00:00Z,2022-08-23T09:30:00Z,NA,PASS,chQTL-AM7383-00_CAAGCTAG-CGCTATGT_HFJF2DSX5_L001_001.R1.fastq.gz,chQTL-AM7383-00_CAAGCTAG-CGCTATGT_HFJF2DSX5_L001_001.R2.fastq.gz,/proj/phanstiel_lab/Data/raw/CQTL/rna/Project_PHA_15073_B05_EXS_RNA.2023-01-05/Sample_chQTL-AM7383-00/fastq/
CQTL_AM7383_R_FNF_18_1,CQTL,AM7383,FNF,18,1,NA,2022-08-18T00:00:00Z,1899-12-30T09:00:00Z,11,142,9.6,2022-08-18T00:00:00Z,2022-08-23T09:30:00Z,NA,PASS,chQTL-AM7383-18_TGGATCGA-TATCGCAC_HFJF2DSX5_L001_001.R1.fastq.gz,chQTL-AM7383-18_TGGATCGA-TATCGCAC_HFJF2DSX5_L001_001.R2.fastq.gz,/proj/phanstiel_lab/Data/raw/CQTL/rna/Project_PHA_15073_B05_EXS_RNA.2023-01-05/Sample_chQTL-AM7383-18/fastq/
CQTL_AM7384_R_CTL_18_1,CQTL,AM7384,CTL,18,1,NA,2022-08-18T00:00:00Z,1899-12-30T09:00:00Z,11,122,9.8,2022-08-18T00:00:00Z,2022-08-23T09:30:00Z,NA,PASS,chQTL-AM7384-00_AGTTCAGG-TCTGTTGG_HFJF2DSX5_L001_001.R1.fastq.gz,chQTL-AM7384-00_AGTTCAGG-TCTGTTGG_HFJF2DSX5_L001_001.R2.fastq.gz,/proj/phanstiel_lab/Data/raw/CQTL/rna/Project_PHA_15073_B05_EXS_RNA.2023-01-05/Sample_chQTL-AM7384-00/fastq/
CQTL_AM7384_R_FNF_18_1,CQTL,AM7384,FNF,18,1,NA,2022-08-18T00:00:00Z,1899-12-30T09:00:00Z,11,162,9.6,2022-08-18T00:00:00Z,2022-08-23T09:30:00Z,NA,PASS,chQTL-AM7384-18_GACCTGAA-CTCACCAA_HFJF2DSX5_L003_001.R1.fastq.gz,chQTL-AM7384-18_GACCTGAA-CTCACCAA_HFJF2DSX5_L003_001.R2.fastq.gz,/proj/phanstiel_lab/Data/raw/CQTL/rna/Project_PHA_15073_B05_EXS_RNA.2023-01-05/Sample_chQTL-AM7384-18/fastq/
CQTL_AM7385_R_CTL_18_1,CQTL,AM7385,CTL,18,1,NA,2022-08-18T00:00:00Z,1899-12-30T09:00:00Z,11,130,9.8,2022-08-18T00:00:00Z,2022-08-23T09:30:00Z,NA,PASS,chQTL-AM7385-00_CACGAGCG-TGGCAGAT_HFJF2DSX5_L001_001.R1.fastq.gz,chQTL-AM7385-00_CACGAGCG-TGGCAGAT_HFJF2DSX5_L001_001.R2.fastq.gz,/proj/phanstiel_lab/Data/raw/CQTL/rna/Project_PHA_15073_B05_EXS_RNA.2023-01-05/Sample_chQTL-AM7385-00/fastq/
CQTL_AM7385_R_FNF_18_1,CQTL,AM7385,FNF,18,1,NA,2022-08-18T00:00:00Z,1899-12-30T09:00:00Z,11,58.8,10,2022-08-18T00:00:00Z,2022-08-23T09:30:00Z,NA,PASS,chQTL-AM7385-18_CTCTCGTC-AGGTTATA_HFJF2DSX5_L001_001.R1.fastq.gz,chQTL-AM7385-18_CTCTCGTC-AGGTTATA_HFJF2DSX5_L001_001.R2.fastq.gz,/proj/phanstiel_lab/Data/raw/CQTL/rna/Project_PHA_15073_B05_EXS_RNA.2023-01-05/Sample_chQTL-AM7385-18/fastq/
CQTL_AM7386_R_CTL_18_1,CQTL,AM7386,CTL,18,1,NA,2022-08-18T00:00:00Z,1899-12-30T09:00:00Z,11,124,9.2,2022-08-18T00:00:00Z,2022-08-23T09:30:00Z,NA,PASS,chQTL-AM7386-00_CCAAGTCT-TCATCCTT_HFJF2DSX5_L001_001.R1.fastq.gz,chQTL-AM7386-00_CCAAGTCT-TCATCCTT_HFJF2DSX5_L001_001.R2.fastq.gz,/proj/phanstiel_lab/Data/raw/CQTL/rna/Project_PHA_15073_B05_EXS_RNA.2023-01-05/Sample_chQTL-AM7386-00/fastq/
CQTL_AM7386_R_FNF_18_1,CQTL,AM7386,FNF,18,1,NA,2022-08-18T00:00:00Z,1899-12-30T09:00:00Z,11,118,9.2,2022-08-18T00:00:00Z,2022-08-23T09:30:00Z,NA,PASS,chQTL-AM7386-18_TTGGACTC-CTGCTTCC_HFJF2DSX5_L001_001.R1.fastq.gz,chQTL-AM7386-18_TTGGACTC-CTGCTTCC_HFJF2DSX5_L001_001.R2.fastq.gz,/proj/phanstiel_lab/Data/raw/CQTL/rna/Project_PHA_15073_B05_EXS_RNA.2023-01-05/Sample_chQTL-AM7386-18/fastq/
CQTL_AM7387_R_CTL_18_1,CQTL,AM7387,CTL,18,1,NA,2022-08-18T00:00:00Z,1899-12-30T09:00:00Z,11,49.8,10,2022-08-18T00:00:00Z,2022-08-23T09:30:00Z,NA,PASS,chQTL-AM7387-00_CAGTAGGC-ATTCGTCA_HFJF2DSX5_L001_001.R1.fastq.gz,chQTL-AM7387-00_CAGTAGGC-ATTCGTCA_HFJF2DSX5_L001_001.R2.fastq.gz,/proj/phanstiel_lab/Data/raw/CQTL/rna/Project_PHA_15073_B05_EXS_RNA.2023-01-05/Sample_chQTL-AM7387-00/fastq/
CQTL_AM7387_R_FNF_18_1,CQTL,AM7387,FNF,18,1,NA,2022-08-18T00:00:00Z,1899-12-30T09:00:00Z,11,62.4,10,2022-08-18T00:00:00Z,2022-08-23T09:30:00Z,NA,PASS,chQTL-AM7387-18_TGACGAAT-GCCTACTG_HFJF2DSX5_L001_001.R1.fastq.gz,chQTL-AM7387-18_TGACGAAT-GCCTACTG_HFJF2DSX5_L001_001.R2.fastq.gz,/proj/phanstiel_lab/Data/raw/CQTL/rna/Project_PHA_15073_B05_EXS_RNA.2023-01-05/Sample_chQTL-AM7387-18/fastq/
CQTL_AM7409_R_FNF_18_1,CQTL,AM7409,FNF,18,1,NA,2022-10-06T00:00:00Z,1899-12-30T09:00:00Z,12,79.2,10,2022-10-06T11:30:00Z,2022-10-11T15:30:00Z,NA,PASS,chQTL-AM7409-18_AACGTTCC-AGTACTCC_HFJF2DSX5_L003_001.R1.fastq.gz,chQTL-AM7409-18_AACGTTCC-AGTACTCC_HFJF2DSX5_L003_001.R2.fastq.gz,/proj/phanstiel_lab/Data/raw/CQTL/rna/Project_PHA_15073_B06_EXS_RNA.2023-01-05/Sample_chQTL-AM7409-18/fastq/
CQTL_AM7416_R_CTL_18_1,CQTL,AM7416,CTL,18,1,NA,2022-10-06T00:00:00Z,1899-12-30T09:00:00Z,12,84.4,9.9,2022-10-06T11:30:00Z,2022-10-11T15:30:00Z,NA,PASS,chQTL-AM7416-00_GCAGAATT-TGGCCGGT_HFJF2DSX5_L003_001.R1.fastq.gz,chQTL-AM7416-00_GCAGAATT-TGGCCGGT_HFJF2DSX5_L003_001.R2.fastq.gz,/proj/phanstiel_lab/Data/raw/CQTL/rna/Project_PHA_15073_B06_EXS_RNA.2023-01-05/Sample_chQTL-AM7416-00/fastq/
CQTL_AM7416_R_FNF_18_1,CQTL,AM7416,FNF,18,1,NA,2022-10-06T00:00:00Z,1899-12-30T09:00:00Z,12,92.2,9.9,2022-10-06T11:30:00Z,2022-10-11T15:30:00Z,NA,PASS,chQTL-AM7416-18_ATGAGGCC-CAATTAAC_HFJF2DSX5_L003_001.R1.fastq.gz,chQTL-AM7416-18_ATGAGGCC-CAATTAAC_HFJF2DSX5_L003_001.R2.fastq.gz,/proj/phanstiel_lab/Data/raw/CQTL/rna/Project_PHA_15073_B06_EXS_RNA.2023-01-05/Sample_chQTL-AM7416-18/fastq/
CQTL_AM7419_R_CTL_18_1,CQTL,AM7419,CTL,18,1,NA,2022-10-06T00:00:00Z,1899-12-30T09:00:00Z,12,130,10,2022-10-06T11:30:00Z,2022-10-11T15:30:00Z,NA,PASS,chQTL-AM7419-00_ACTAAGAT-CCGCGGTT_HFJF2DSX5_L003_001.R1.fastq.gz,chQTL-AM7419-00_ACTAAGAT-CCGCGGTT_HFJF2DSX5_L003_001.R2.fastq.gz,/proj/phanstiel_lab/Data/raw/CQTL/rna/Project_PHA_15073_B06_EXS_RNA.2023-01-05/Sample_chQTL-AM7419-00/fastq/
CQTL_AM7419_R_FNF_18_1,CQTL,AM7419,FNF,18,1,NA,2022-10-06T00:00:00Z,1899-12-30T09:00:00Z,12,120,9.9,2022-10-06T11:30:00Z,2022-10-11T15:30:00Z,NA,PASS,chQTL-AM7419-18_GTCGGAGC-TTATAACC_HFJF2DSX5_L003_001.R1.fastq.gz,chQTL-AM7419-18_GTCGGAGC-TTATAACC_HFJF2DSX5_L003_001.R2.fastq.gz,/proj/phanstiel_lab/Data/raw/CQTL/rna/Project_PHA_15073_B06_EXS_RNA.2023-01-05/Sample_chQTL-AM7419-18/fastq/
CQTL_AM7420_R_CTL_18_1,CQTL,AM7420,CTL,18,1,NA,2022-10-06T00:00:00Z,1899-12-30T09:00:00Z,12,102,9.8,2022-10-06T11:30:00Z,2022-10-11T15:30:00Z,NA,PASS,chQTL-AM7420-00_CTTGGTAT-GGACTTGG_HFJF2DSX5_L003_001.R1.fastq.gz,chQTL-AM7420-00_CTTGGTAT-GGACTTGG_HFJF2DSX5_L003_001.R2.fastq.gz,/proj/phanstiel_lab/Data/raw/CQTL/rna/Project_PHA_15073_B06_EXS_RNA.2023-01-05/Sample_chQTL-AM7420-00/fastq/
CQTL_AM7426_R_FNF_18_1,CQTL,AM7426,FNF,18,1,NA,2022-10-06T00:00:00Z,1899-12-30T09:00:00Z,12,102,10,2022-10-06T11:30:00Z,2022-10-11T15:30:00Z,NA,PASS,chQTL-AM7426-18_TCCAACGC-AAGTCCAA_HFJF2DSX5_L003_001.R1.fastq.gz,chQTL-AM7426-18_TCCAACGC-AAGTCCAA_HFJF2DSX5_L003_001.R2.fastq.gz,/proj/phanstiel_lab/Data/raw/CQTL/rna/Project_PHA_15073_B06_EXS_RNA.2023-01-05/Sample_chQTL-AM7426-18/fastq/
CQTL_AM7427_R_CTL_18_1,CQTL,AM7427,CTL,18,1,NA,2022-10-06T00:00:00Z,1899-12-30T09:00:00Z,12,48.8,10,2022-10-06T11:30:00Z,2022-10-11T15:30:00Z,NA,PASS,chQTL-AM7427-00_CCGTGAAG-ATCCACTG_HFJF2DSX5_L003_001.R1.fastq.gz,chQTL-AM7427-00_CCGTGAAG-ATCCACTG_HFJF2DSX5_L003_001.R2.fastq.gz,/proj/phanstiel_lab/Data/raw/CQTL/rna/Project_PHA_15073_B06_EXS_RNA.2023-01-05/Sample_chQTL-AM7427-00/fastq/
CQTL_AM7427_R_FNF_18_1,CQTL,AM7427,FNF,18,1,NA,2022-10-06T00:00:00Z,1899-12-30T09:00:00Z,12,73.8,10,2022-10-06T11:30:00Z,2022-10-11T15:30:00Z,NA,PASS,chQTL-AM7427-18_TTACAGGA-GCTTGTCA_HFJF2DSX5_L004_001.R1.fastq.gz,chQTL-AM7427-18_TTACAGGA-GCTTGTCA_HFJF2DSX5_L004_001.R2.fastq.gz,/proj/phanstiel_lab/Data/raw/CQTL/rna/Project_PHA_15309_B01_EXS_RNA.2023-01-05/Sample_chQTL-AM7427-18/fastq/
CQTL_AM7492_R_CTL_18_1,CQTL,AM7492,CTL,18,1,NA,2022-10-06T00:00:00Z,1899-12-30T09:00:00Z,12,42.4,10,2022-10-06T11:30:00Z,2022-10-11T15:30:00Z,NA,PASS,chQTL-AM7492-00_GGCATTCT-CAAGCTAG_HFJF2DSX5_L004_001.R1.fastq.gz,chQTL-AM7492-00_GGCATTCT-CAAGCTAG_HFJF2DSX5_L004_001.R2.fastq.gz,/proj/phanstiel_lab/Data/raw/CQTL/rna/Project_PHA_15309_B01_EXS_RNA.2023-01-05/Sample_chQTL-AM7492-00/fastq/
CQTL_AM7492_R_FNF_18_1,CQTL,AM7492,FNF,18,1,NA,2022-10-06T00:00:00Z,1899-12-30T09:00:00Z,12,71.2,9.9,2022-10-06T11:30:00Z,2022-10-11T15:30:00Z,NA,PASS,chQTL-AM7492-18_AATGCCTC-TGGATCGA_HFJF2DSX5_L004_001.R1.fastq.gz,chQTL-AM7492-18_AATGCCTC-TGGATCGA_HFJF2DSX5_L004_001.R2.fastq.gz,/proj/phanstiel_lab/Data/raw/CQTL/rna/Project_PHA_15309_B01_EXS_RNA.2023-01-05/Sample_chQTL-AM7492-18/fastq/
CQTL_AM7493_R_CTL_18_1,CQTL,AM7493,CTL,18,1,NA,2022-11-21T00:00:00Z,1899-12-30T10:00:00Z,14,66.2,9.4,2022-11-21T13:46:00Z,2022-11-29T10:00:00Z,NA,PASS,chQTL-AM7493-00_CAATTAAC-ATATCTCG_HFJF2DSX5_L004_001.R1.fastq.gz,chQTL-AM7493-00_CAATTAAC-ATATCTCG_HFJF2DSX5_L004_001.R2.fastq.gz,/proj/phanstiel_lab/Data/raw/CQTL/rna/Project_PHA_15309_B02_EXS_RNA.2023-03-10/Sample_chQTL-AM7493-00/fastq/
CQTL_AM7493_R_FNF_18_1,CQTL,AM7493,FNF,18,1,NA,2022-11-21T00:00:00Z,1899-12-30T10:00:00Z,14,67.8,9.9,2022-11-21T13:46:00Z,2022-11-29T10:00:00Z,NA,PASS,chQTL-AM7493-18_TGGCCGGT-GCGCTCTA_HFJF2DSX5_L004_001.R1.fastq.gz,chQTL-AM7493-18_TGGCCGGT-GCGCTCTA_HFJF2DSX5_L004_001.R2.fastq.gz,/proj/phanstiel_lab/Data/raw/CQTL/rna/Project_PHA_15309_B02_EXS_RNA.2023-03-10/Sample_chQTL-AM7493-18/fastq/
CQTL_AM7495_R_CTL_18_1,CQTL,AM7495,CTL,18,1,NA,2022-11-21T00:00:00Z,1899-12-30T10:00:00Z,14,56.2,9.9,2022-11-21T13:46:00Z,2022-11-29T10:00:00Z,NA,PASS,chQTL-AM7495-00_AGTACTCC-AACAGGTT_HFJF2DSX5_L004_001.R1.fastq.gz,chQTL-AM7495-00_AGTACTCC-AACAGGTT_HFJF2DSX5_L004_001.R2.fastq.gz,/proj/phanstiel_lab/Data/raw/CQTL/rna/Project_PHA_15309_B02_EXS_RNA.2023-03-10/Sample_chQTL-AM7495-00/fastq/
CQTL_AM7495_R_FNF_18_1,CQTL,AM7495,FNF,18,1,NA,2022-11-21T00:00:00Z,1899-12-30T10:00:00Z,14,61.2,10,2022-11-21T13:46:00Z,2022-11-29T10:00:00Z,NA,PASS,chQTL-AM7495-18_GACGTCTT-GGTGAACC_HFJF2DSX5_L004_001.R1.fastq.gz,chQTL-AM7495-18_GACGTCTT-GGTGAACC_HFJF2DSX5_L004_001.R2.fastq.gz,/proj/phanstiel_lab/Data/raw/CQTL/rna/Project_PHA_15309_B02_EXS_RNA.2023-03-10/Sample_chQTL-AM7495-18/fastq/
CQTL_AM7589_R_CTL_18_1,CQTL,AM7589,CTL,18,1,NA,2022-11-21T00:00:00Z,1899-12-30T10:00:00Z,14,84.2,10,2022-11-21T13:46:00Z,2022-11-29T10:00:00Z,NA,PASS,chQTL-AM7589-00_TGCGAGAC-CAACAATG_HFJF2DSX5_L004_001.R1.fastq.gz,chQTL-AM7589-00_TGCGAGAC-CAACAATG_HFJF2DSX5_L004_001.R2.fastq.gz,/proj/phanstiel_lab/Data/raw/CQTL/rna/Project_PHA_15309_B02_EXS_RNA.2023-03-10/Sample_chQTL-AM7589-00/fastq/
CQTL_AM7589_R_FNF_18_1,CQTL,AM7589,FNF,18,1,NA,2022-11-21T00:00:00Z,1899-12-30T10:00:00Z,14,98,10,2022-11-21T13:46:00Z,2022-11-29T10:00:00Z,NA,PASS,chQTL-AM7589-18_CATAGAGT-TGGTGGCA_HFJF2DSX5_L004_001.R1.fastq.gz,chQTL-AM7589-18_CATAGAGT-TGGTGGCA_HFJF2DSX5_L004_001.R2.fastq.gz,/proj/phanstiel_lab/Data/raw/CQTL/rna/Project_PHA_15309_B02_EXS_RNA.2023-03-10/Sample_chQTL-AM7589-18/fastq/
CQTL_AM7591_R_CTL_18_1,CQTL,AM7591,CTL,18,1,NA,2022-11-21T00:00:00Z,1899-12-30T10:00:00Z,14,120,10,2022-11-21T13:46:00Z,2022-11-29T10:00:00Z,NA,PASS,chQTL-AM7591-00_ACAGGCGC-AGGCAGAG_HFJF2DSX5_L004_001.R1.fastq.gz,chQTL-AM7591-00_ACAGGCGC-AGGCAGAG_HFJF2DSX5_L004_001.R2.fastq.gz,/proj/phanstiel_lab/Data/raw/CQTL/rna/Project_PHA_15309_B02_EXS_RNA.2023-03-10/Sample_chQTL-AM7591-00/fastq/
CQTL_AM7591_R_FNF_18_1,CQTL,AM7591,FNF,18,1,NA,2022-11-21T00:00:00Z,1899-12-30T10:00:00Z,14,124,10,2022-11-21T13:46:00Z,2022-11-29T10:00:00Z,NA,PASS,chQTL-AM7591-18_GTGAATAT-GAATGAGA_HFJF2DSX5_L004_001.R1.fastq.gz,chQTL-AM7591-18_GTGAATAT-GAATGAGA_HFJF2DSX5_L004_001.R2.fastq.gz,/proj/phanstiel_lab/Data/raw/CQTL/rna/Project_PHA_15309_B02_EXS_RNA.2023-03-10/Sample_chQTL-AM7591-18/fastq/
CQTL_AM7628_R_CTL_18_1,CQTL,AM7628,CTL,18,1,NA,2022-11-21T00:00:00Z,1899-12-30T10:00:00Z,14,87.8,9.9,2022-11-21T13:46:00Z,2022-11-29T10:00:00Z,NA,PASS,chQTL-AM7628-00_TCGATATC-ACTCGTGT_HLL2MDSX5_L004_001.R1.fastq.gz,chQTL-AM7628-00_TCGATATC-ACTCGTGT_HLL2MDSX5_L004_001.R2.fastq.gz,/proj/phanstiel_lab/Data/raw/CQTL/rna/Project_PHA_15309_B02_EXS_RNA.2023-03-10/Sample_chQTL-AM7628-00/fastq/
CQTL_AM7628_R_FNF_18_1,CQTL,AM7628,FNF,18,1,NA,2022-11-21T00:00:00Z,1899-12-30T10:00:00Z,14,144,9.7,2022-11-21T13:46:00Z,2022-11-29T10:00:00Z,NA,PASS,chQTL-AM7628-18_GGTCACGA-CATAATAC_HFJF2DSX5_L004_001.R1.fastq.gz,chQTL-AM7628-18_GGTCACGA-CATAATAC_HFJF2DSX5_L004_001.R2.fastq.gz,/proj/phanstiel_lab/Data/raw/CQTL/rna/Project_PHA_15309_B02_EXS_RNA.2023-03-10/Sample_chQTL-AM7628-18/fastq/
CQTL_AM7629_R_CTL_18_1,CQTL,AM7629,CTL,18,1,NA,2022-11-21T00:00:00Z,1899-12-30T10:00:00Z,14,114,9.9,2022-11-21T13:46:00Z,2022-11-29T10:00:00Z,NA,PASS,chQTL-AM7629-00_CTGCTTCC-GATCTATC_HFJF2DSX5_L004_001.R1.fastq.gz,chQTL-AM7629-00_CTGCTTCC-GATCTATC_HFJF2DSX5_L004_001.R2.fastq.gz,/proj/phanstiel_lab/Data/raw/CQTL/rna/Project_PHA_15309_B02_EXS_RNA.2023-03-10/Sample_chQTL-AM7629-00/fastq/
CQTL_AM7629_R_FNF_18_1,CQTL,AM7629,FNF,18,1,NA,2022-11-21T00:00:00Z,1899-12-30T10:00:00Z,14,89.2,10,2022-11-21T13:46:00Z,2022-11-29T10:00:00Z,NA,PASS,chQTL-AM7629-18_TCATCCTT-AGCTCGCT_HFJF2DSX5_L004_001.R1.fastq.gz,chQTL-AM7629-18_TCATCCTT-AGCTCGCT_HFJF2DSX5_L004_001.R2.fastq.gz,/proj/phanstiel_lab/Data/raw/CQTL/rna/Project_PHA_15309_B02_EXS_RNA.2023-03-10/Sample_chQTL-AM7629-18/fastq/
CQTL_AM7633_R_CTL_18_1,CQTL,AM7633,CTL,18,1,NA,2022-11-21T00:00:00Z,1899-12-30T10:00:00Z,14,110,10,2022-11-21T13:46:00Z,2022-11-29T10:00:00Z,NA,PASS,chQTL-AM7633-00_AGGTTATA-CGGAACTG_HFJF2DSX5_L004_001.R1.fastq.gz,chQTL-AM7633-00_AGGTTATA-CGGAACTG_HFJF2DSX5_L004_001.R2.fastq.gz,/proj/phanstiel_lab/Data/raw/CQTL/rna/Project_PHA_15309_B02_EXS_RNA.2023-03-10/Sample_chQTL-AM7633-00/fastq/
CQTL_AM7633_R_FNF_18_1,CQTL,AM7633,FNF,18,1,NA,2022-11-21T00:00:00Z,1899-12-30T10:00:00Z,14,120,9.9,2022-11-21T13:46:00Z,2022-11-29T10:00:00Z,NA,PASS,chQTL-AM7633-18_GAACCGCG-TAAGGTCA_HFJF2DSX5_L004_001.R1.fastq.gz,chQTL-AM7633-18_GAACCGCG-TAAGGTCA_HFJF2DSX5_L004_001.R2.fastq.gz,/proj/phanstiel_lab/Data/raw/CQTL/rna/Project_PHA_15309_B02_EXS_RNA.2023-03-10/Sample_chQTL-AM7633-18/fastq/
CQTL_AM7634_R_CTL_18_1,CQTL,AM7634,CTL,18,1,NA,2022-11-21T00:00:00Z,1899-12-30T10:00:00Z,14,79.4,10,2022-11-21T13:46:00Z,2022-11-29T10:00:00Z,NA,PASS,chQTL-AM7634-00_CTCACCAA-TTGCCTAG_HFJF2DSX5_L004_001.R1.fastq.gz,chQTL-AM7634-00_CTCACCAA-TTGCCTAG_HFJF2DSX5_L004_001.R2.fastq.gz,/proj/phanstiel_lab/Data/raw/CQTL/rna/Project_PHA_15309_B02_EXS_RNA.2023-03-10/Sample_chQTL-AM7634-00/fastq/
CQTL_AM7634_R_FNF_18_1,CQTL,AM7634,FNF,18,1,NA,2022-11-21T00:00:00Z,1899-12-30T10:00:00Z,14,67.2,10,2022-11-21T13:46:00Z,2022-11-29T10:00:00Z,NA,PASS,chQTL-AM7634-18_TCTGTTGG-CCATTCGA_HFJF2DSX5_L004_001.R1.fastq.gz,chQTL-AM7634-18_TCTGTTGG-CCATTCGA_HFJF2DSX5_L004_001.R2.fastq.gz,/proj/phanstiel_lab/Data/raw/CQTL/rna/Project_PHA_15309_B02_EXS_RNA.2023-03-10/Sample_chQTL-AM7634-18/fastq/
CQTL_AM7273_R_CTL_18_2,CQTL,AM7273,CTL,18,2,1,2021-12-07T00:00:00Z,1899-12-30T13:15:00Z,6,92.4,10,2021-12-07T14:15:00Z,2021-12-08T10:00:00Z,Project_PHA_14535_B05_EXS_RNA.2022-02-15,PASS,chQTL-AM7273-00-2_TAATACAG-GTGAATAT_H7YVGDSX3_L003_001.R1.fastq.gz,chQTL-AM7273-00-2_TAATACAG-GTGAATAT_H7YVGDSX3_L003_001.R2.fastq.gz,/proj/phanstiel_lab/Data/raw/CQTL/rna/Project_PHA_14535_B05_EXS_RNA.2022-02-15/Sample_chQTL-AM7273-00-2/fastq/
CQTL_AM7388_R_CTL_18_2,CQTL,AM7388,CTL,18,2,NA,2022-11-03T00:00:00Z,1899-12-30T10:00:00Z,13,142,9.9,2022-11-03T12:15:00Z,2022-11-08T10:30:00Z,NA,PASS,chQTL-AM7388-00-2_TAATACAG-GTGAATAT_HFJF2DSX5_L003_001.R1.fastq.gz,chQTL-AM7388-00-2_TAATACAG-GTGAATAT_HFJF2DSX5_L003_001.R2.fastq.gz,/proj/phanstiel_lab/Data/raw/CQTL/rna/Project_PHA_15073_B06_EXS_RNA.2023-01-05/Sample_chQTL-AM7388-00-2/fastq/
CQTL_AM7388_R_FNF_18_2,CQTL,AM7388,FNF,18,2,NA,2022-11-03T00:00:00Z,1899-12-30T10:00:00Z,13,77,10,2022-11-03T12:15:00Z,2022-11-08T10:30:00Z,NA,PASS,chQTL-AM7388-18-2_CGGCGTGA-ACAGGCGC_HFJF2DSX5_L003_001.R1.fastq.gz,chQTL-AM7388-18-2_CGGCGTGA-ACAGGCGC_HFJF2DSX5_L003_001.R2.fastq.gz,/proj/phanstiel_lab/Data/raw/CQTL/rna/Project_PHA_15073_B06_EXS_RNA.2023-01-05/Sample_chQTL-AM7388-18-2/fastq/
CQTL_AM7409_R_CTL_18_2,CQTL,AM7409,CTL,18,2,NA,2022-11-03T00:00:00Z,1899-12-30T10:00:00Z,13,76.8,10,2022-11-03T12:15:00Z,2022-11-08T10:30:00Z,NA,PASS,chQTL-AM7409-00-2_ATGTAAGT-CATAGAGT_HFJF2DSX5_L003_001.R1.fastq.gz,chQTL-AM7409-00-2_ATGTAAGT-CATAGAGT_HFJF2DSX5_L003_001.R2.fastq.gz,/proj/phanstiel_lab/Data/raw/CQTL/rna/Project_PHA_15073_B06_EXS_RNA.2023-01-05/Sample_chQTL-AM7409-00-2/fastq/
CQTL_AM7420_R_FNF_18_2,CQTL,AM7420,FNF,18,2,NA,2022-11-03T00:00:00Z,1899-12-30T10:00:00Z,13,168,9.8,2022-11-03T12:15:00Z,2022-11-08T10:30:00Z,NA,PASS,chQTL-AM7420-18-2_GCACGGAC-TGCGAGAC_HFJF2DSX5_L003_001.R1.fastq.gz,chQTL-AM7420-18-2_GCACGGAC-TGCGAGAC_HFJF2DSX5_L003_001.R2.fastq.gz,/proj/phanstiel_lab/Data/raw/CQTL/rna/Project_PHA_15073_B06_EXS_RNA.2023-01-05/Sample_chQTL-AM7420-18-2/fastq/
CQTL_AM7426_R_CTL_18_2,CQTL,AM7426,CTL,18,2,NA,2022-11-03T00:00:00Z,1899-12-30T10:00:00Z,13,92,10,2022-11-03T12:15:00Z,2022-11-08T10:30:00Z,NA,PASS,chQTL-AM7426-00-2_GGTACCTT-GACGTCTT_HFJF2DSX5_L003_001.R1.fastq.gz,chQTL-AM7426-00-2_GGTACCTT-GACGTCTT_HFJF2DSX5_L003_001.R2.fastq.gz,/proj/phanstiel_lab/Data/raw/CQTL/rna/Project_PHA_15073_B06_EXS_RNA.2023-01-05/Sample_chQTL-AM7426-00-2/fastq/
