Sample,Proj,Donor,Condition,Time,Tech_Rep,Seq_Rep,Number,Well,TreatmentLength,TreatmentDateTime,RNAextractDate,RNAextractTime,RNAextractionKitBatch,RNAQubit,RIN,RNATapeStationDate,RNAshippedDate,NYGCQC,Read1,Read2,Sequencing_Directory,Notes
CQTL_AM7180_R_CTL_18_1,CQTL,AM7180,CTL,18,1,1,NA,NA,NA,NA,2020-09-08T00:00:00Z,1899-12-30T11:30:00Z,,104,,,,PASS,chQTL-AM7180-00_CCGCGGTT-AGCGCTAG_HG7V3DSXY_L002_001.R1.fastq.gz,chQTL-AM7180-00_CCGCGGTT-AGCGCTAG_HG7V3DSXY_L002_001.R2.fastq.gz,/proj/phanstiel_lab/Data/raw/CQTL/rna/Project_PHA_14470_B01_EXS_RNA.2020-12-01/Sample_chQTL-AM7180-00/fastq/,NA
CQTL_AM7180_R_FNF_18_1,CQTL,AM7180,FNF,18,1,1,NA,NA,NA,NA,2020-09-08T00:00:00Z,1899-12-30T11:30:00Z,,108,,,,PASS,chQTL-AM7180-18_TTATAACC-GATATCGA_HG7V3DSXY_L002_001.R1.fastq.gz,chQTL-AM7180-18_TTATAACC-GATATCGA_HG7V3DSXY_L002_001.R2.fastq.gz,/proj/phanstiel_lab/Data/raw/CQTL/rna/Project_PHA_14470_B01_EXS_RNA.2020-12-01/Sample_chQTL-AM7180-18/fastq/,NA
CQTL_AM7181_R_CTL_18_1,CQTL,AM7181,CTL,18,1,1,NA,NA,NA,NA,2020-09-08T00:00:00Z,1899-12-30T11:30:00Z,,90.6,,,,PASS,chQTL-AM7181-00_GGACTTGG-CGCAGACG_HG7V3DSXY_L002_001.R1.fastq.gz,chQTL-AM7181-00_GGACTTGG-CGCAGACG_HG7V3DSXY_L002_001.R2.fastq.gz,/proj/phanstiel_lab/Data/raw/CQTL/rna/Project_PHA_14470_B01_EXS_RNA.2020-12-01/Sample_chQTL-AM7181-00/fastq/,NA
CQTL_AM7181_R_FNF_18_1,CQTL,AM7181,FNF,18,1,1,NA,NA,NA,NA,2020-09-08T00:00:00Z,1899-12-30T11:30:00Z,,112,,,,PASS,chQTL-AM7181-18_AAGTCCAA-TATGAGTA_HG7V3DSXY_L002_001.R1.fastq.gz,chQTL-AM7181-18_AAGTCCAA-TATGAGTA_HG7V3DSXY_L002_001.R2.fastq.gz,/proj/phanstiel_lab/Data/raw/CQTL/rna/Project_PHA_14470_B01_EXS_RNA.2020-12-01/Sample_chQTL-AM7181-18/fastq/,NA
CQTL_AM7182_R_CTL_18_1,CQTL,AM7182,CTL,18,1,1,NA,NA,NA,NA,2020-09-08T00:00:00Z,1899-12-30T11:30:00Z,,94.8,,,,PASS,chQTL-AM7182-00_ATCCACTG-AGGTGCGT_HG7V3DSXY_L002_001.R1.fastq.gz,chQTL-AM7182-00_ATCCACTG-AGGTGCGT_HG7V3DSXY_L002_001.R2.fastq.gz,/proj/phanstiel_lab/Data/raw/CQTL/rna/Project_PHA_14470_B01_EXS_RNA.2020-12-01/Sample_chQTL-AM7182-00/fastq/,NA
CQTL_AM7182_R_FNF_18_1,CQTL,AM7182,FNF,18,1,1,NA,NA,NA,NA,2020-09-08T00:00:00Z,1899-12-30T11:30:00Z,,96.6,,,,PASS,chQTL-AM7182-18_GCTTGTCA-GAACATAC_HG7V3DSXY_L002_001.R1.fastq.gz,chQTL-AM7182-18_GCTTGTCA-GAACATAC_HG7V3DSXY_L002_001.R2.fastq.gz,/proj/phanstiel_lab/Data/raw/CQTL/rna/Project_PHA_14470_B01_EXS_RNA.2020-12-01/Sample_chQTL-AM7182-18/fastq/,NA
CQTL_AM7188_R_CTL_18_1,CQTL,AM7188,CTL,18,1,1,NA,NA,NA,NA,2020-09-08T00:00:00Z,1899-12-30T11:30:00Z,,89.8,,,,PASS,chQTL-AM7188-00_CAAGCTAG-ACATAGCG_HG7V3DSXY_L002_001.R1.fastq.gz,chQTL-AM7188-00_CAAGCTAG-ACATAGCG_HG7V3DSXY_L002_001.R2.fastq.gz,/proj/phanstiel_lab/Data/raw/CQTL/rna/Project_PHA_14470_B01_EXS_RNA.2020-12-01/Sample_chQTL-AM7188-00/fastq/,NA
CQTL_AM7188_R_FNF_18_1,CQTL,AM7188,FNF,18,1,1,NA,NA,NA,NA,2020-09-08T00:00:00Z,1899-12-30T11:30:00Z,,126,,,,PASS,chQTL-AM7188-18_TGGATCGA-GTGCGATA_HG7V3DSXY_L002_001.R1.fastq.gz,chQTL-AM7188-18_TGGATCGA-GTGCGATA_HG7V3DSXY_L002_001.R2.fastq.gz,/proj/phanstiel_lab/Data/raw/CQTL/rna/Project_PHA_14470_B01_EXS_RNA.2020-12-01/Sample_chQTL-AM7188-18/fastq/,NA
CQTL_AM7189_R_CTL_18_1,CQTL,AM7189,CTL,18,1,1,NA,NA,NA,NA,2020-09-08T00:00:00Z,1899-12-30T11:30:00Z,,85.8,,,,PASS,chQTL-AM7189-00_AGTTCAGG-CCAACAGA_HG7V3DSXY_L002_001.R1.fastq.gz,chQTL-AM7189-00_AGTTCAGG-CCAACAGA_HG7V3DSXY_L002_001.R2.fastq.gz,/proj/phanstiel_lab/Data/raw/CQTL/rna/Project_PHA_14470_B01_EXS_RNA.2020-12-01/Sample_chQTL-AM7189-00/fastq/,NA
CQTL_AM7189_R_FNF_18_1,CQTL,AM7189,FNF,18,1,1,NA,NA,NA,NA,2020-09-08T00:00:00Z,1899-12-30T11:30:00Z,,89.2,,,,PASS,chQTL-AM7189-18_GACCTGAA-TTGGTGAG_HG7V3DSXY_L002_001.R1.fastq.gz,chQTL-AM7189-18_GACCTGAA-TTGGTGAG_HG7V3DSXY_L002_001.R2.fastq.gz,/proj/phanstiel_lab/Data/raw/CQTL/rna/Project_PHA_14470_B01_EXS_RNA.2020-12-01/Sample_chQTL-AM7189-18/fastq/,NA
CQTL_AM7196_R_CTL_18_1,CQTL,AM7196,CTL,18,1,1,NA,NA,NA,NA,2020-09-08T00:00:00Z,1899-12-30T11:30:00Z,,67,,,,PASS,chQTL-AM7196-00_TCTCTACT-CGCGGTTC_HG7V3DSXY_L002_001.R1.fastq.gz,chQTL-AM7196-00_TCTCTACT-CGCGGTTC_HG7V3DSXY_L002_001.R2.fastq.gz,/proj/phanstiel_lab/Data/raw/CQTL/rna/Project_PHA_14470_B01_EXS_RNA.2020-12-01/Sample_chQTL-AM7196-00/fastq/,NA
CQTL_AM7196_R_FNF_18_1,CQTL,AM7196,FNF,18,1,1,NA,NA,NA,NA,2020-09-08T00:00:00Z,1899-12-30T11:30:00Z,,67,,,,PASS,chQTL-AM7196-18_CTCTCGTC-TATAACCT_HG7V3DSXY_L002_001.R1.fastq.gz,chQTL-AM7196-18_CTCTCGTC-TATAACCT_HG7V3DSXY_L002_001.R2.fastq.gz,/proj/phanstiel_lab/Data/raw/CQTL/rna/Project_PHA_14470_B01_EXS_RNA.2020-12-01/Sample_chQTL-AM7196-18/fastq/,NA
CQTL_AM7197_R_CTL_18_1,CQTL,AM7197,CTL,18,1,1,NA,NA,NA,NA,2020-09-08T00:00:00Z,1899-12-30T11:30:00Z,,106,,,,PASS,chQTL-AM7197-00_CCAAGTCT-AAGGATGA_HG7V3DSXY_L002_001.R1.fastq.gz,chQTL-AM7197-00_CCAAGTCT-AAGGATGA_HG7V3DSXY_L002_001.R2.fastq.gz,/proj/phanstiel_lab/Data/raw/CQTL/rna/Project_PHA_14470_B01_EXS_RNA.2020-12-01/Sample_chQTL-AM7197-00/fastq/,NA
CQTL_AM7203_R_CTL_18_1,CQTL,AM7203,CTL,18,1,1,NA,NA,NA,NA,2020-09-08T00:00:00Z,1899-12-30T11:30:00Z,,74,,,,PASS,chQTL-AM7203-00_TTGGACTC-GGAAGCAG_HG7V3DSXY_L002_001.R1.fastq.gz,chQTL-AM7203-00_TTGGACTC-GGAAGCAG_HG7V3DSXY_L002_001.R2.fastq.gz,/proj/phanstiel_lab/Data/raw/CQTL/rna/Project_PHA_14470_B01_EXS_RNA.2020-12-01/Sample_chQTL-AM7203-00/fastq/,NA
CQTL_AM7203_R_FNF_18_1,CQTL,AM7203,FNF,18,1,1,NA,NA,NA,NA,2020-09-08T00:00:00Z,1899-12-30T11:30:00Z,,83.2,,,,PASS,chQTL-AM7203-18_GGCTTAAG-TCGTGACC_HG7V3DSXY_L003_001.R1.fastq.gz,chQTL-AM7203-18_GGCTTAAG-TCGTGACC_HG7V3DSXY_L003_001.R2.fastq.gz,/proj/phanstiel_lab/Data/raw/CQTL/rna/Project_PHA_14470_B01_EXS_RNA.2020-12-01/Sample_chQTL-AM7203-18/fastq/,NA
CQTL_AM7203_R_FNF_18_1,CQTL,AM7203,FNF,18,1,2,NA,NA,NA,NA,2020-09-08T00:00:00Z,1899-12-30T11:30:00Z,,83.2,,,,PASS,chQTL-AM7203-18_GGCTTAAG-TCGTGACC_HLKFMDSXY_L002_001.R1.fastq.gz,chQTL-AM7203-18_GGCTTAAG-TCGTGACC_HLKFMDSXY_L002_001.R2.fastq.gz,/proj/phanstiel_lab/Data/raw/CQTL/rna/Project_PHA_14470_B01_EXS_RNA.2020-12-01/Sample_chQTL-AM7203-18/fastq/,NA
CQTL_AM7204_R_CTL_18_1,CQTL,AM7204,CTL,18,1,1,NA,NA,NA,NA,2020-09-08T00:00:00Z,1899-12-30T11:30:00Z,,116,,,,PASS,chQTL-AM7204-00_AATCCGGA-CTACAGTT_HG7V3DSXY_L003_001.R1.fastq.gz,chQTL-AM7204-00_AATCCGGA-CTACAGTT_HG7V3DSXY_L003_001.R2.fastq.gz,/proj/phanstiel_lab/Data/raw/CQTL/rna/Project_PHA_14470_B01_EXS_RNA.2020-12-01/Sample_chQTL-AM7204-00/fastq/,NA
CQTL_AM7204_R_FNF_18_1,CQTL,AM7204,FNF,18,1,1,NA,NA,NA,NA,2020-09-08T00:00:00Z,1899-12-30T11:30:00Z,,118,,,,PASS,chQTL-AM7204-18_TAATACAG-ATATTCAC_HG7V3DSXY_L003_001.R1.fastq.gz,chQTL-AM7204-18_TAATACAG-ATATTCAC_HG7V3DSXY_L003_001.R2.fastq.gz,/proj/phanstiel_lab/Data/raw/CQTL/rna/Project_PHA_14470_B01_EXS_RNA.2020-12-01/Sample_chQTL-AM7204-18/fastq/,NA
CQTL_AM7204_R_FNF_18_1,CQTL,AM7204,FNF,18,1,2,NA,NA,NA,NA,2020-09-08T00:00:00Z,1899-12-30T11:30:00Z,,118,,,,PASS,chQTL-AM7204-18_TAATACAG-ATATTCAC_HLKFMDSXY_L002_001.R1.fastq.gz,chQTL-AM7204-18_TAATACAG-ATATTCAC_HLKFMDSXY_L002_001.R2.fastq.gz,/proj/phanstiel_lab/Data/raw/CQTL/rna/Project_PHA_14470_B01_EXS_RNA.2020-12-01/Sample_chQTL-AM7204-18/fastq/,NA
CQTL_AM7205_R_CTL_18_1,CQTL,AM7205,CTL,18,1,1,NA,NA,NA,NA,2020-09-08T00:00:00Z,1899-12-30T11:30:00Z,,134,,,,PASS,chQTL-AM7205-00_CGGCGTGA-GCGCCTGT_HG7V3DSXY_L003_001.R1.fastq.gz,chQTL-AM7205-00_CGGCGTGA-GCGCCTGT_HG7V3DSXY_L003_001.R2.fastq.gz,/proj/phanstiel_lab/Data/raw/CQTL/rna/Project_PHA_14470_B01_EXS_RNA.2020-12-01/Sample_chQTL-AM7205-00/fastq/,NA
CQTL_AM7205_R_CTL_18_1,CQTL,AM7205,CTL,18,1,2,NA,NA,NA,NA,2020-09-08T00:00:00Z,1899-12-30T11:30:00Z,,134,,,,PASS,chQTL-AM7205-00_CGGCGTGA-GCGCCTGT_HLKFMDSXY_L002_001.R1.fastq.gz,chQTL-AM7205-00_CGGCGTGA-GCGCCTGT_HLKFMDSXY_L002_001.R2.fastq.gz,/proj/phanstiel_lab/Data/raw/CQTL/rna/Project_PHA_14470_B01_EXS_RNA.2020-12-01/Sample_chQTL-AM7205-00/fastq/,NA
CQTL_AM7205_R_CTL_18_1,CQTL,AM7205,CTL,18,1,3,NA,NA,NA,NA,2020-09-08T00:00:00Z,1899-12-30T11:30:00Z,,134,,,,PASS,chQTL-AM7205-00_CGGCGTGA-GCGCCTGT_HLFF2DSXY_L002_001.R1.fastq.gz,chQTL-AM7205-00_CGGCGTGA-GCGCCTGT_HLFF2DSXY_L002_001.R2.fastq.gz,/proj/phanstiel_lab/Data/raw/CQTL/rna/Project_PHA_14470_B01_EXS_RNA.2020-12-01/Sample_chQTL-AM7205-00/fastq/,NA
CQTL_AM7205_R_FNF_18_1,CQTL,AM7205,FNF,18,1,1,NA,NA,NA,NA,2020-09-08T00:00:00Z,1899-12-30T11:30:00Z,,106,,,,PASS,chQTL-AM7205-18_ATGTAAGT-ACTCTATG_HG7V3DSXY_L003_001.R1.fastq.gz,chQTL-AM7205-18_ATGTAAGT-ACTCTATG_HG7V3DSXY_L003_001.R2.fastq.gz,/proj/phanstiel_lab/Data/raw/CQTL/rna/Project_PHA_14470_B01_EXS_RNA.2020-12-01/Sample_chQTL-AM7205-18/fastq/,NA
CQTL_AM7197_R_FNF_18_1,CQTL,AM7197,FNF,18,1,1,NA,NA,NA,NA,2020-09-21T00:00:00Z,1899-12-30T10:00:00Z,,80.6,,,,PASS,chQTL-AM7197-18-2_GCACGGAC-GTCTCGCA_HG7V3DSXY_L003_001.R1.fastq.gz,chQTL-AM7197-18-2_GCACGGAC-GTCTCGCA_HG7V3DSXY_L003_001.R2.fastq.gz,/proj/phanstiel_lab/Data/raw/CQTL/rna/Project_PHA_14470_B01_EXS_RNA.2020-12-01/Sample_chQTL-AM7197-18-2/fastq/,NA
CQTL_AM7208_R_CTL_18_1,CQTL,AM7208,CTL,18,1,1,NA,NA,NA,NA,2020-10-07T00:00:00Z,1899-12-30T13:00:00Z,,100,,,,PASS,chQTL-AM7208-00_ACGCACCT-GGTGAAGG_HT7VHDSXY_L001_001.R1.fastq.gz,chQTL-AM7208-00_ACGCACCT-GGTGAAGG_HT7VHDSXY_L001_001.R2.fastq.gz,/proj/phanstiel_lab/Data/raw/CQTL/rna/Project_PHA_14470_B01_EXS_RNA.2020-12-21/Sample_chQTL-AM7208-00/fastq/,NA
CQTL_AM7208_R_FNF_18_1,CQTL,AM7208,FNF,18,1,1,NA,NA,NA,NA,2020-10-07T00:00:00Z,1899-12-30T13:00:00Z,,124,,,,PASS,chQTL-AM7208-18_TACTCATA-CCTGTGGC_HT7VHDSXY_L003_001.R1.fastq.gz,chQTL-AM7208-18_TACTCATA-CCTGTGGC_HT7VHDSXY_L003_001.R2.fastq.gz,/proj/phanstiel_lab/Data/raw/CQTL/rna/Project_PHA_14470_B01_EXS_RNA.2020-12-21/Sample_chQTL-AM7208-18/fastq/,NA
CQTL_AM7209_R_CTL_18_1,CQTL,AM7209,CTL,18,1,1,NA,NA,NA,NA,2020-10-07T00:00:00Z,1899-12-30T13:00:00Z,,130,,,,PASS,chQTL-AM7209-00_CGTCTGCG-TTCACAAT_HT7VHDSXY_L002_001.R1.fastq.gz,chQTL-AM7209-00_CGTCTGCG-TTCACAAT_HT7VHDSXY_L002_001.R2.fastq.gz,/proj/phanstiel_lab/Data/raw/CQTL/rna/Project_PHA_14470_B01_EXS_RNA.2020-12-21/Sample_chQTL-AM7209-00/fastq/,NA
CQTL_AM7209_R_FNF_18_1,CQTL,AM7209,FNF,18,1,1,NA,NA,NA,NA,2020-10-07T00:00:00Z,1899-12-30T13:00:00Z,,138,,,,PASS,chQTL-AM7209-18_TCGATATC-ACACGAGT_HT7VHDSXY_L003_001.R1.fastq.gz,chQTL-AM7209-18_TCGATATC-ACACGAGT_HT7VHDSXY_L003_001.R2.fastq.gz,/proj/phanstiel_lab/Data/raw/CQTL/rna/Project_PHA_14470_B01_EXS_RNA.2020-12-21/Sample_chQTL-AM7209-18/fastq/,NA
CQTL_AM7211_R_CTL_18_1,CQTL,AM7211,CTL,18,1,1,NA,NA,NA,NA,2020-10-07T00:00:00Z,1899-12-30T13:00:00Z,,88,,,,PASS,chQTL-AM7211-00_CTAGCGCT-GTGTAGAC_HT7VHDSXY_L003_001.R1.fastq.gz,chQTL-AM7211-00_CTAGCGCT-GTGTAGAC_HT7VHDSXY_L003_001.R2.fastq.gz,/proj/phanstiel_lab/Data/raw/CQTL/rna/Project_PHA_14470_B01_EXS_RNA.2020-12-21/Sample_chQTL-AM7211-00/fastq/,NA
CQTL_AM7211_R_FNF_18_1,CQTL,AM7211,FNF,18,1,1,NA,NA,NA,NA,2020-10-07T00:00:00Z,1899-12-30T13:00:00Z,,58.8,,,,PASS,chQTL-AM7211-18_AACTGTAG-ACGCCGCA_HT7VHDSXY_L003_001.R1.fastq.gz,chQTL-AM7211-18_AACTGTAG-ACGCCGCA_HT7VHDSXY_L003_001.R2.fastq.gz,/proj/phanstiel_lab/Data/raw/CQTL/rna/Project_PHA_14470_B01_EXS_RNA.2020-12-21/Sample_chQTL-AM7211-18/fastq/,NA
CQTL_AM7213_R_CTL_18_1,CQTL,AM7213,CTL,18,1,1,NA,NA,NA,NA,2020-10-07T00:00:00Z,1899-12-30T13:00:00Z,,75.8,,,,PASS,chQTL-AM7213-00_GGTCACGA-GTATTATG_HT7VHDSXY_L003_001.R1.fastq.gz,chQTL-AM7213-00_GGTCACGA-GTATTATG_HT7VHDSXY_L003_001.R2.fastq.gz,/proj/phanstiel_lab/Data/raw/CQTL/rna/Project_PHA_14470_B01_EXS_RNA.2020-12-21/Sample_chQTL-AM7213-00/fastq/,NA
CQTL_AM7213_R_FNF_18_1,CQTL,AM7213,FNF,18,1,1,NA,NA,NA,NA,2020-10-07T00:00:00Z,1899-12-30T13:00:00Z,,47.2,,,,PASS,chQTL-AM7213-18_CTGCTTCC-GATAGATC_HT7VHDSXY_L003_001.R1.fastq.gz,chQTL-AM7213-18_CTGCTTCC-GATAGATC_HT7VHDSXY_L003_001.R2.fastq.gz,/proj/phanstiel_lab/Data/raw/CQTL/rna/Project_PHA_14470_B01_EXS_RNA.2020-12-21/Sample_chQTL-AM7213-18/fastq/,NA
CQTL_AM7214_R_CTL_18_1,CQTL,AM7214,CTL,18,1,1,NA,NA,NA,NA,2020-10-07T00:00:00Z,1899-12-30T13:00:00Z,,79.8,,,,PASS,chQTL-AM7214-00_TCTGTTGG-TCGAATGG_HT7VHDSXY_L003_001.R1.fastq.gz,chQTL-AM7214-00_TCTGTTGG-TCGAATGG_HT7VHDSXY_L003_001.R2.fastq.gz,/proj/phanstiel_lab/Data/raw/CQTL/rna/Project_PHA_14535_B01_EXS_RNA.2020-12-21/Sample_chQTL-AM7214-00/fastq/,NA
CQTL_AM7214_R_FNF_18_1,CQTL,AM7214,FNF,18,1,1,NA,NA,NA,NA,2020-10-07T00:00:00Z,1899-12-30T13:00:00Z,,98,,,,PASS,chQTL-AM7214-18_CAATTAAC-CGAGATAT_HT7VHDSXY_L001_001.R1.fastq.gz,chQTL-AM7214-18_CAATTAAC-CGAGATAT_HT7VHDSXY_L001_001.R2.fastq.gz,/proj/phanstiel_lab/Data/raw/CQTL/rna/Project_PHA_14535_B01_EXS_RNA.2020-12-21/Sample_chQTL-AM7214-18/fastq/,NA
CQTL_AM7215_R_CTL_18_1,CQTL,AM7215,CTL,18,1,1,NA,NA,NA,NA,2020-10-07T00:00:00Z,1899-12-30T13:00:00Z,,87,,,,PASS,chQTL-AM7215-00_TGGCCGGT-TAGAGCGC_HT7VHDSXY_L003_001.R1.fastq.gz,chQTL-AM7215-00_TGGCCGGT-TAGAGCGC_HT7VHDSXY_L003_001.R2.fastq.gz,/proj/phanstiel_lab/Data/raw/CQTL/rna/Project_PHA_14535_B01_EXS_RNA.2020-12-21/Sample_chQTL-AM7215-00/fastq/,NA
CQTL_AM7215_R_FNF_18_1,CQTL,AM7215,FNF,18,1,1,NA,NA,NA,NA,2020-10-07T00:00:00Z,1899-12-30T13:00:00Z,,78.8,,,,PASS,chQTL-AM7215-18_AGTACTCC-AACCTGTT_HT7VHDSXY_L003_001.R1.fastq.gz,chQTL-AM7215-18_AGTACTCC-AACCTGTT_HT7VHDSXY_L003_001.R2.fastq.gz,/proj/phanstiel_lab/Data/raw/CQTL/rna/Project_PHA_14535_B01_EXS_RNA.2020-12-21/Sample_chQTL-AM7215-18/fastq/,NA
CQTL_AM7216_R_CTL_18_1,CQTL,AM7216,CTL,18,1,1,NA,NA,NA,NA,2020-10-07T00:00:00Z,1899-12-30T13:00:00Z,,91.6,,,,PASS,chQTL-AM7216-00_TCATCCTT-AGCGAGCT_HT7VHDSXY_L003_001.R1.fastq.gz,chQTL-AM7216-00_TCATCCTT-AGCGAGCT_HT7VHDSXY_L003_001.R2.fastq.gz,/proj/phanstiel_lab/Data/raw/CQTL/rna/Project_PHA_14470_B01_EXS_RNA.2020-12-21/Sample_chQTL-AM7216-00/fastq/,NA
CQTL_AM7216_R_FNF_18_1,CQTL,AM7216,FNF,18,1,1,NA,NA,NA,NA,2020-10-07T00:00:00Z,1899-12-30T13:00:00Z,,118,,,,PASS,chQTL-AM7216-18_AGGTTATA-CAGTTCCG_HT7VHDSXY_L003_001.R1.fastq.gz,chQTL-AM7216-18_AGGTTATA-CAGTTCCG_HT7VHDSXY_L003_001.R2.fastq.gz,/proj/phanstiel_lab/Data/raw/CQTL/rna/Project_PHA_14470_B01_EXS_RNA.2020-12-21/Sample_chQTL-AM7216-18/fastq/,NA
CQTL_AM7221_R_CTL_18_1,CQTL,AM7221,CTL,18,1,1,NA,NA,NA,NA,2020-11-30T00:00:00Z,1899-12-30T10:00:00Z,,108,,,,PASS,chQTL-AM7221-00_CCGCGGTT-AGCGCTAG_HTKWGDSXY_L004_001.R1.fastq.gz,chQTL-AM7221-00_CCGCGGTT-AGCGCTAG_HTKWGDSXY_L004_001.R2.fastq.gz,/proj/phanstiel_lab/Data/raw/CQTL/rna/Project_PHA_14535_B02_EXS_RNA.2021-02-26/Sample_chQTL-AM7221-00/fastq/,NA
CQTL_AM7221_R_FNF_18_1,CQTL,AM7221,FNF,18,1,1,NA,NA,NA,NA,2020-11-30T00:00:00Z,1899-12-30T10:00:00Z,,72.8,,,,PASS,chQTL-AM7221-18_TTATAACC-GATATCGA_HTKWGDSXY_L004_001.R1.fastq.gz,chQTL-AM7221-18_TTATAACC-GATATCGA_HTKWGDSXY_L004_001.R2.fastq.gz,/proj/phanstiel_lab/Data/raw/CQTL/rna/Project_PHA_14535_B02_EXS_RNA.2021-02-26/Sample_chQTL-AM7221-18/fastq/,NA
CQTL_AM7223_R_CTL_18_1,CQTL,AM7223,CTL,18,1,1,NA,NA,NA,NA,2020-11-30T00:00:00Z,1899-12-30T10:00:00Z,,75.4,,,,PASS,chQTL-AM7223-00_GGACTTGG-CGCAGACG_HTKWGDSXY_L004_001.R1.fastq.gz,chQTL-AM7223-00_GGACTTGG-CGCAGACG_HTKWGDSXY_L004_001.R2.fastq.gz,/proj/phanstiel_lab/Data/raw/CQTL/rna/Project_PHA_14535_B02_EXS_RNA.2021-02-26/Sample_chQTL-AM7223-00/fastq/,NA
CQTL_AM7223_R_FNF_18_1,CQTL,AM7223,FNF,18,1,1,NA,NA,NA,NA,2020-11-30T00:00:00Z,1899-12-30T10:00:00Z,,57,,,,PASS,chQTL-AM7223-18_AAGTCCAA-TATGAGTA_HTKWGDSXY_L004_001.R1.fastq.gz,chQTL-AM7223-18_AAGTCCAA-TATGAGTA_HTKWGDSXY_L004_001.R2.fastq.gz,/proj/phanstiel_lab/Data/raw/CQTL/rna/Project_PHA_14535_B02_EXS_RNA.2021-02-26/Sample_chQTL-AM7223-18/fastq/,NA
CQTL_AM7224_R_CTL_18_1,CQTL,AM7224,CTL,18,1,1,NA,NA,NA,NA,2020-11-30T00:00:00Z,1899-12-30T10:00:00Z,,47.8,,,,PASS,chQTL-AM7224-00_ATCCACTG-AGGTGCGT_HTKWGDSXY_L004_001.R1.fastq.gz,chQTL-AM7224-00_ATCCACTG-AGGTGCGT_HTKWGDSXY_L004_001.R2.fastq.gz,/proj/phanstiel_lab/Data/raw/CQTL/rna/Project_PHA_14535_B02_EXS_RNA.2021-02-26/Sample_chQTL-AM7224-00/fastq/,NA
CQTL_AM7224_R_FNF_18_1,CQTL,AM7224,FNF,18,1,1,NA,NA,NA,NA,2020-11-30T00:00:00Z,1899-12-30T10:00:00Z,,81.4,,,,PASS,chQTL-AM7224-18_GCTTGTCA-GAACATAC_HTKWGDSXY_L004_001.R1.fastq.gz,chQTL-AM7224-18_GCTTGTCA-GAACATAC_HTKWGDSXY_L004_001.R2.fastq.gz,/proj/phanstiel_lab/Data/raw/CQTL/rna/Project_PHA_14535_B02_EXS_RNA.2021-02-26/Sample_chQTL-AM7224-18/fastq/,NA
CQTL_AM7226_R_CTL_18_1,CQTL,AM7226,CTL,18,1,1,NA,NA,NA,NA,2020-11-30T00:00:00Z,1899-12-30T10:00:00Z,,36.6,,,,PASS,chQTL-AM7226-00_CAAGCTAG-ACATAGCG_HTKWGDSXY_L004_001.R1.fastq.gz,chQTL-AM7226-00_CAAGCTAG-ACATAGCG_HTKWGDSXY_L004_001.R2.fastq.gz,/proj/phanstiel_lab/Data/raw/CQTL/rna/Project_PHA_14535_B02_EXS_RNA.2021-02-26/Sample_chQTL-AM7226-00/fastq/,NA
CQTL_AM7226_R_FNF_18_1,CQTL,AM7226,FNF,18,1,1,NA,NA,NA,NA,2020-11-30T00:00:00Z,1899-12-30T10:00:00Z,,41.8,,,,PASS,chQTL-AM7226-18_TGGATCGA-GTGCGATA_HTKWGDSXY_L004_001.R1.fastq.gz,chQTL-AM7226-18_TGGATCGA-GTGCGATA_HTKWGDSXY_L004_001.R2.fastq.gz,/proj/phanstiel_lab/Data/raw/CQTL/rna/Project_PHA_14535_B02_EXS_RNA.2021-02-26/Sample_chQTL-AM7226-18/fastq/,NA
CQTL_AM7228_R_CTL_18_1,CQTL,AM7228,CTL,18,1,1,NA,NA,NA,NA,2020-11-30T00:00:00Z,1899-12-30T10:00:00Z,,82,,,,PASS,chQTL-AM7228-00_AGTTCAGG-CCAACAGA_HTKWGDSXY_L004_001.R1.fastq.gz,chQTL-AM7228-00_AGTTCAGG-CCAACAGA_HTKWGDSXY_L004_001.R2.fastq.gz,/proj/phanstiel_lab/Data/raw/CQTL/rna/Project_PHA_14535_B02_EXS_RNA.2021-02-26/Sample_chQTL-AM7228-00/fastq/,NA
CQTL_AM7228_R_FNF_18_1,CQTL,AM7228,FNF,18,1,1,NA,NA,NA,NA,2020-11-30T00:00:00Z,1899-12-30T10:00:00Z,,70.8,,,,PASS,chQTL-AM7228-18_GACCTGAA-TTGGTGAG_HTKWGDSXY_L004_001.R1.fastq.gz,chQTL-AM7228-18_GACCTGAA-TTGGTGAG_HTKWGDSXY_L004_001.R2.fastq.gz,/proj/phanstiel_lab/Data/raw/CQTL/rna/Project_PHA_14535_B02_EXS_RNA.2021-02-26/Sample_chQTL-AM7228-18/fastq/,NA
CQTL_AM7229_R_CTL_18_1,CQTL,AM7229,CTL,18,1,1,NA,NA,NA,NA,2020-11-30T00:00:00Z,1899-12-30T10:00:00Z,,68,,,,PASS,chQTL-AM7229-00_TCTCTACT-CGCGGTTC_HTKWGDSXY_L004_001.R1.fastq.gz,chQTL-AM7229-00_TCTCTACT-CGCGGTTC_HTKWGDSXY_L004_001.R2.fastq.gz,/proj/phanstiel_lab/Data/raw/CQTL/rna/Project_PHA_14535_B02_EXS_RNA.2021-02-26/Sample_chQTL-AM7229-00/fastq/,NA
CQTL_AM7229_R_FNF_18_1,CQTL,AM7229,FNF,18,1,1,NA,NA,NA,NA,2020-11-30T00:00:00Z,1899-12-30T10:00:00Z,,85.2,,,,PASS,chQTL-AM7229-18_CTCTCGTC-TATAACCT_HTKWGDSXY_L004_001.R1.fastq.gz,chQTL-AM7229-18_CTCTCGTC-TATAACCT_HTKWGDSXY_L004_001.R2.fastq.gz,/proj/phanstiel_lab/Data/raw/CQTL/rna/Project_PHA_14535_B02_EXS_RNA.2021-02-26/Sample_chQTL-AM7229-18/fastq/,NA
CQTL_AM7230_R_CTL_18_1,CQTL,AM7230,CTL,18,1,1,NA,NA,NA,NA,2020-11-30T00:00:00Z,1899-12-30T10:00:00Z,,69.6,,,,PASS,chQTL-AM7230-00_CCAAGTCT-AAGGATGA_HTKWGDSXY_L004_001.R1.fastq.gz,chQTL-AM7230-00_CCAAGTCT-AAGGATGA_HTKWGDSXY_L004_001.R2.fastq.gz,/proj/phanstiel_lab/Data/raw/CQTL/rna/Project_PHA_14535_B02_EXS_RNA.2021-02-26/Sample_chQTL-AM7230-00/fastq/,NA
CQTL_AM7230_R_FNF_18_1,CQTL,AM7230,FNF,18,1,1,NA,NA,NA,NA,2020-11-30T00:00:00Z,1899-12-30T10:00:00Z,,76.8,,,,PASS,chQTL-AM7230-18_TTGGACTC-GGAAGCAG_HTKWGDSXY_L004_001.R1.fastq.gz,chQTL-AM7230-18_TTGGACTC-GGAAGCAG_HTKWGDSXY_L004_001.R2.fastq.gz,/proj/phanstiel_lab/Data/raw/CQTL/rna/Project_PHA_14535_B02_EXS_RNA.2021-02-26/Sample_chQTL-AM7230-18/fastq/,NA
CQTL_AM7236_R_CTL_18_1,CQTL,AM7236,CTL,18,1,1,NA,NA,NA,NA,2020-11-30T00:00:00Z,1899-12-30T10:00:00Z,,82.4,,,,PASS,chQTL-AM7236-00_AATCCGGA-CTACAGTT_HTKWGDSXY_L004_001.R1.fastq.gz,chQTL-AM7236-00_AATCCGGA-CTACAGTT_HTKWGDSXY_L004_001.R2.fastq.gz,/proj/phanstiel_lab/Data/raw/CQTL/rna/Project_PHA_14535_B02_EXS_RNA.2021-02-26/Sample_chQTL-AM7236-00/fastq/,NA
CQTL_AM7236_R_FNF_18_1,CQTL,AM7236,FNF,18,1,1,NA,NA,NA,NA,2020-11-30T00:00:00Z,1899-12-30T10:00:00Z,,80.8,,,,PASS,chQTL-AM7236-18_TAATACAG-ATATTCAC_HTKWGDSXY_L004_001.R1.fastq.gz,chQTL-AM7236-18_TAATACAG-ATATTCAC_HTKWGDSXY_L004_001.R2.fastq.gz,/proj/phanstiel_lab/Data/raw/CQTL/rna/Project_PHA_14535_B02_EXS_RNA.2021-02-26/Sample_chQTL-AM7236-18/fastq/,NA
CQTL_AM7237_R_CTL_18_1,CQTL,AM7237,CTL,18,1,1,NA,NA,NA,NA,2020-11-30T00:00:00Z,1899-12-30T10:00:00Z,,74,,,,PASS,chQTL-AM7237-00_CGGCGTGA-GCGCCTGT_HTKWGDSXY_L004_001.R1.fastq.gz,chQTL-AM7237-00_CGGCGTGA-GCGCCTGT_HTKWGDSXY_L004_001.R2.fastq.gz,/proj/phanstiel_lab/Data/raw/CQTL/rna/Project_PHA_14535_B02_EXS_RNA.2021-02-26/Sample_chQTL-AM7237-00/fastq/,NA
CQTL_AM7237_R_FNF_18_1,CQTL,AM7237,FNF,18,1,1,NA,NA,NA,NA,2020-11-30T00:00:00Z,1899-12-30T10:00:00Z,,70,,,,PASS,chQTL-AM7237-18_ATGTAAGT-ACTCTATG_HTKWGDSXY_L004_001.R1.fastq.gz,chQTL-AM7237-18_ATGTAAGT-ACTCTATG_HTKWGDSXY_L004_001.R2.fastq.gz,/proj/phanstiel_lab/Data/raw/CQTL/rna/Project_PHA_14535_B02_EXS_RNA.2021-02-26/Sample_chQTL-AM7237-18/fastq/,NA
CQTL_AM7241_R_CTL_18_1,CQTL,AM7241,CTL,18,1,1,NA,NA,NA,NA,2021-03-01T00:00:00Z,1899-12-30T10:30:00Z,,56.4,,,,PASS,chQTL-AM7241-00_GACGTCTT-GGTGAACC_H3FL7DSX2_L004_001.R1.fastq.gz,chQTL-AM7241-00_GACGTCTT-GGTGAACC_H3FL7DSX2_L004_001.R2.fastq.gz,/proj/phanstiel_lab/Data/raw/CQTL/rna/Project_PHA_14535_B03_EXS_RNA.2021-09-16/Sample_chQTL-AM7241-00/fastq/,NA
CQTL_AM7241_R_CTL_18_1,CQTL,AM7241,CTL,18,1,2,NA,NA,NA,NA,2021-03-01T00:00:00Z,1899-12-30T10:30:00Z,,56.4,,,,PASS,chQTL-AM7241-00_GACGTCTT-GGTGAACC_HY2K5DSXY_L001_001.R1.fastq.gz,chQTL-AM7241-00_GACGTCTT-GGTGAACC_HY2K5DSXY_L001_001.R2.fastq.gz,/proj/phanstiel_lab/Data/raw/CQTL/rna/Project_PHA_14535_B03_EXS_RNA.2021-09-16/Sample_chQTL-AM7241-00/fastq/,NA
CQTL_AM7241_R_CTL_18_1,CQTL,AM7241,CTL,18,1,3,NA,NA,NA,NA,2021-03-01T00:00:00Z,1899-12-30T10:30:00Z,,56.4,,,,PASS,chQTL-AM7241-00_GACGTCTT-GGTGAACC_HJLL5DSX2_L001_001.R1.fastq.gz,chQTL-AM7241-00_GACGTCTT-GGTGAACC_HJLL5DSX2_L001_001.R2.fastq.gz,/proj/phanstiel_lab/Data/raw/CQTL/rna/Project_PHA_14535_B03_EXS_RNA.2021-09-16/Sample_chQTL-AM7241-00/fastq/,NA
CQTL_AM7241_R_FNF_18_1,CQTL,AM7241,FNF,18,1,1,NA,NA,NA,NA,2021-03-01T00:00:00Z,1899-12-30T10:30:00Z,,74.8,,,,PASS,chQTL-AM7241-18_TGCGAGAC-CAACAATG_H3FL7DSX2_L004_001.R1.fastq.gz,chQTL-AM7241-18_TGCGAGAC-CAACAATG_H3FL7DSX2_L004_001.R2.fastq.gz,/proj/phanstiel_lab/Data/raw/CQTL/rna/Project_PHA_14535_B03_EXS_RNA.2021-09-16/Sample_chQTL-AM7241-18/fastq/,NA
CQTL_AM7241_R_FNF_18_1,CQTL,AM7241,FNF,18,1,2,NA,NA,NA,NA,2021-03-01T00:00:00Z,1899-12-30T10:30:00Z,,74.8,,,,PASS,chQTL-AM7241-18_TGCGAGAC-CAACAATG_HY2K5DSXY_L001_001.R1.fastq.gz,chQTL-AM7241-18_TGCGAGAC-CAACAATG_HY2K5DSXY_L001_001.R2.fastq.gz,/proj/phanstiel_lab/Data/raw/CQTL/rna/Project_PHA_14535_B03_EXS_RNA.2021-09-16/Sample_chQTL-AM7241-18/fastq/,NA
CQTL_AM7241_R_FNF_18_1,CQTL,AM7241,FNF,18,1,3,NA,NA,NA,NA,2021-03-01T00:00:00Z,1899-12-30T10:30:00Z,,74.8,,,,PASS,chQTL-AM7241-18_TGCGAGAC-CAACAATG_HJLL5DSX2_L001_001.R1.fastq.gz,chQTL-AM7241-18_TGCGAGAC-CAACAATG_HJLL5DSX2_L001_001.R2.fastq.gz,/proj/phanstiel_lab/Data/raw/CQTL/rna/Project_PHA_14535_B03_EXS_RNA.2021-09-16/Sample_chQTL-AM7241-18/fastq/,NA
CQTL_AM7242_R_CTL_18_1,CQTL,AM7242,CTL,18,1,1,NA,NA,NA,NA,2021-03-01T00:00:00Z,1899-12-30T10:30:00Z,,59,,,,PASS,chQTL-AM7242-00_CATAGAGT-TGGTGGCA_H3FL7DSX2_L004_001.R1.fastq.gz,chQTL-AM7242-00_CATAGAGT-TGGTGGCA_H3FL7DSX2_L004_001.R2.fastq.gz,/proj/phanstiel_lab/Data/raw/CQTL/rna/Project_PHA_14535_B03_EXS_RNA.2021-09-16/Sample_chQTL-AM7242-00/fastq/,NA
CQTL_AM7242_R_CTL_18_1,CQTL,AM7242,CTL,18,1,2,NA,NA,NA,NA,2021-03-01T00:00:00Z,1899-12-30T10:30:00Z,,59,,,,PASS,chQTL-AM7242-00_CATAGAGT-TGGTGGCA_HY2K5DSXY_L001_001.R1.fastq.gz,chQTL-AM7242-00_CATAGAGT-TGGTGGCA_HY2K5DSXY_L001_001.R2.fastq.gz,/proj/phanstiel_lab/Data/raw/CQTL/rna/Project_PHA_14535_B03_EXS_RNA.2021-09-16/Sample_chQTL-AM7242-00/fastq/,NA
CQTL_AM7242_R_CTL_18_1,CQTL,AM7242,CTL,18,1,3,NA,NA,NA,NA,2021-03-01T00:00:00Z,1899-12-30T10:30:00Z,,59,,,,PASS,chQTL-AM7242-00_CATAGAGT-TGGTGGCA_HJLL5DSX2_L001_001.R1.fastq.gz,chQTL-AM7242-00_CATAGAGT-TGGTGGCA_HJLL5DSX2_L001_001.R2.fastq.gz,/proj/phanstiel_lab/Data/raw/CQTL/rna/Project_PHA_14535_B03_EXS_RNA.2021-09-16/Sample_chQTL-AM7242-00/fastq/,NA
CQTL_AM7242_R_FNF_18_1,CQTL,AM7242,FNF,18,1,1,NA,NA,NA,NA,2021-03-01T00:00:00Z,1899-12-30T10:30:00Z,,87,,,,PASS,chQTL-AM7242-18_ACAGGCGC-AGGCAGAG_H3FL7DSX2_L004_001.R1.fastq.gz,chQTL-AM7242-18_ACAGGCGC-AGGCAGAG_H3FL7DSX2_L004_001.R2.fastq.gz,/proj/phanstiel_lab/Data/raw/CQTL/rna/Project_PHA_14535_B03_EXS_RNA.2021-09-16/Sample_chQTL-AM7242-18/fastq/,NA
CQTL_AM7242_R_FNF_18_1,CQTL,AM7242,FNF,18,1,2,NA,NA,NA,NA,2021-03-01T00:00:00Z,1899-12-30T10:30:00Z,,87,,,,PASS,chQTL-AM7242-18_ACAGGCGC-AGGCAGAG_HY2K5DSXY_L001_001.R1.fastq.gz,chQTL-AM7242-18_ACAGGCGC-AGGCAGAG_HY2K5DSXY_L001_001.R2.fastq.gz,/proj/phanstiel_lab/Data/raw/CQTL/rna/Project_PHA_14535_B03_EXS_RNA.2021-09-16/Sample_chQTL-AM7242-18/fastq/,NA
CQTL_AM7242_R_FNF_18_1,CQTL,AM7242,FNF,18,1,3,NA,NA,NA,NA,2021-03-01T00:00:00Z,1899-12-30T10:30:00Z,,87,,,,PASS,chQTL-AM7242-18_ACAGGCGC-AGGCAGAG_HJLL5DSX2_L001_001.R1.fastq.gz,chQTL-AM7242-18_ACAGGCGC-AGGCAGAG_HJLL5DSX2_L001_001.R2.fastq.gz,/proj/phanstiel_lab/Data/raw/CQTL/rna/Project_PHA_14535_B03_EXS_RNA.2021-09-16/Sample_chQTL-AM7242-18/fastq/,NA
CQTL_AM7243_R_CTL_18_1,CQTL,AM7243,CTL,18,1,1,NA,NA,NA,NA,2021-03-01T00:00:00Z,1899-12-30T10:30:00Z,,35.6,,,,PASS,chQTL-AM7243-00_GTGAATAT-GAATGAGA_H3FL7DSX2_L004_001.R1.fastq.gz,chQTL-AM7243-00_GTGAATAT-GAATGAGA_H3FL7DSX2_L004_001.R2.fastq.gz,/proj/phanstiel_lab/Data/raw/CQTL/rna/Project_PHA_14535_B03_EXS_RNA.2021-09-16/Sample_chQTL-AM7243-00/fastq/,NA
CQTL_AM7243_R_CTL_18_1,CQTL,AM7243,CTL,18,1,2,NA,NA,NA,NA,2021-03-01T00:00:00Z,1899-12-30T10:30:00Z,,35.6,,,,PASS,chQTL-AM7243-00_GTGAATAT-GAATGAGA_HY2K5DSXY_L001_001.R1.fastq.gz,chQTL-AM7243-00_GTGAATAT-GAATGAGA_HY2K5DSXY_L001_001.R2.fastq.gz,/proj/phanstiel_lab/Data/raw/CQTL/rna/Project_PHA_14535_B03_EXS_RNA.2021-09-16/Sample_chQTL-AM7243-00/fastq/,NA
CQTL_AM7243_R_CTL_18_1,CQTL,AM7243,CTL,18,1,3,NA,NA,NA,NA,2021-03-01T00:00:00Z,1899-12-30T10:30:00Z,,35.6,,,,PASS,chQTL-AM7243-00_GTGAATAT-GAATGAGA_HJLL5DSX2_L001_001.R1.fastq.gz,chQTL-AM7243-00_GTGAATAT-GAATGAGA_HJLL5DSX2_L001_001.R2.fastq.gz,/proj/phanstiel_lab/Data/raw/CQTL/rna/Project_PHA_14535_B03_EXS_RNA.2021-09-16/Sample_chQTL-AM7243-00/fastq/,NA
CQTL_AM7243_R_FNF_18_1,CQTL,AM7243,FNF,18,1,1,NA,NA,NA,NA,2021-03-01T00:00:00Z,1899-12-30T10:30:00Z,,32,,,,PASS,chQTL-AM7243-18_AACTGTAG-TGCGGCGT_H3FL7DSX2_L004_001.R1.fastq.gz,chQTL-AM7243-18_AACTGTAG-TGCGGCGT_H3FL7DSX2_L004_001.R2.fastq.gz,/proj/phanstiel_lab/Data/raw/CQTL/rna/Project_PHA_14535_B03_EXS_RNA.2021-09-16/Sample_chQTL-AM7243-18/fastq/,NA
CQTL_AM7243_R_FNF_18_1,CQTL,AM7243,FNF,18,1,2,NA,NA,NA,NA,2021-03-01T00:00:00Z,1899-12-30T10:30:00Z,,32,,,,PASS,chQTL-AM7243-18_AACTGTAG-TGCGGCGT_HY2K5DSXY_L001_001.R1.fastq.gz,chQTL-AM7243-18_AACTGTAG-TGCGGCGT_HY2K5DSXY_L001_001.R2.fastq.gz,/proj/phanstiel_lab/Data/raw/CQTL/rna/Project_PHA_14535_B03_EXS_RNA.2021-09-16/Sample_chQTL-AM7243-18/fastq/,NA
CQTL_AM7243_R_FNF_18_1,CQTL,AM7243,FNF,18,1,3,NA,NA,NA,NA,2021-03-01T00:00:00Z,1899-12-30T10:30:00Z,,32,,,,PASS,chQTL-AM7243-18_AACTGTAG-TGCGGCGT_HJLL5DSX2_L001_001.R1.fastq.gz,chQTL-AM7243-18_AACTGTAG-TGCGGCGT_HJLL5DSX2_L001_001.R2.fastq.gz,/proj/phanstiel_lab/Data/raw/CQTL/rna/Project_PHA_14535_B03_EXS_RNA.2021-09-16/Sample_chQTL-AM7243-18/fastq/,NA
CQTL_AM7244_R_CTL_18_1,CQTL,AM7244,CTL,18,1,1,NA,NA,NA,NA,2021-03-01T00:00:00Z,1899-12-30T10:30:00Z,,93.6,,,,PASS,chQTL-AM7244-00_GGTCACGA-CATAATAC_H3FL7DSX2_L004_001.R1.fastq.gz,chQTL-AM7244-00_GGTCACGA-CATAATAC_H3FL7DSX2_L004_001.R2.fastq.gz,/proj/phanstiel_lab/Data/raw/CQTL/rna/Project_PHA_14535_B03_EXS_RNA.2021-09-16/Sample_chQTL-AM7244-00/fastq/,NA
CQTL_AM7244_R_CTL_18_1,CQTL,AM7244,CTL,18,1,2,NA,NA,NA,NA,2021-03-01T00:00:00Z,1899-12-30T10:30:00Z,,93.6,,,,PASS,chQTL-AM7244-00_GGTCACGA-CATAATAC_HY2K5DSXY_L001_001.R1.fastq.gz,chQTL-AM7244-00_GGTCACGA-CATAATAC_HY2K5DSXY_L001_001.R2.fastq.gz,/proj/phanstiel_lab/Data/raw/CQTL/rna/Project_PHA_14535_B03_EXS_RNA.2021-09-16/Sample_chQTL-AM7244-00/fastq/,NA
CQTL_AM7244_R_CTL_18_1,CQTL,AM7244,CTL,18,1,3,NA,NA,NA,NA,2021-03-01T00:00:00Z,1899-12-30T10:30:00Z,,93.6,,,,PASS,chQTL-AM7244-00_GGTCACGA-CATAATAC_HJLL5DSX2_L001_001.R1.fastq.gz,chQTL-AM7244-00_GGTCACGA-CATAATAC_HJLL5DSX2_L001_001.R2.fastq.gz,/proj/phanstiel_lab/Data/raw/CQTL/rna/Project_PHA_14535_B03_EXS_RNA.2021-09-16/Sample_chQTL-AM7244-00/fastq/,NA
CQTL_AM7244_R_FNF_18_1,CQTL,AM7244,FNF,18,1,1,NA,NA,NA,NA,2021-03-01T00:00:00Z,1899-12-30T10:30:00Z,,74.8,,,,PASS,chQTL-AM7244-18_CTGCTTCC-GATCTATC_H3FL7DSX2_L004_001.R1.fastq.gz,chQTL-AM7244-18_CTGCTTCC-GATCTATC_H3FL7DSX2_L004_001.R2.fastq.gz,/proj/phanstiel_lab/Data/raw/CQTL/rna/Project_PHA_14535_B03_EXS_RNA.2021-09-16/Sample_chQTL-AM7244-18/fastq/,NA
CQTL_AM7244_R_FNF_18_1,CQTL,AM7244,FNF,18,1,2,NA,NA,NA,NA,2021-03-01T00:00:00Z,1899-12-30T10:30:00Z,,74.8,,,,PASS,chQTL-AM7244-18_CTGCTTCC-GATCTATC_HY2K5DSXY_L001_001.R1.fastq.gz,chQTL-AM7244-18_CTGCTTCC-GATCTATC_HY2K5DSXY_L001_001.R2.fastq.gz,/proj/phanstiel_lab/Data/raw/CQTL/rna/Project_PHA_14535_B03_EXS_RNA.2021-09-16/Sample_chQTL-AM7244-18/fastq/,NA
CQTL_AM7244_R_FNF_18_1,CQTL,AM7244,FNF,18,1,3,NA,NA,NA,NA,2021-03-01T00:00:00Z,1899-12-30T10:30:00Z,,74.8,,,,PASS,chQTL-AM7244-18_CTGCTTCC-GATCTATC_HJLL5DSX2_L001_001.R2.fastq.gz,chQTL-AM7244-18_CTGCTTCC-GATCTATC_HJLL5DSX2_L001_001.R2.fastq.gz,/proj/phanstiel_lab/Data/raw/CQTL/rna/Project_PHA_14535_B03_EXS_RNA.2021-09-16/Sample_chQTL-AM7244-18/fastq/,NA
CQTL_AM7255_R_CTL_18_1,CQTL,AM7255,CTL,18,1,1,NA,NA,NA,NA,2021-03-01T00:00:00Z,1899-12-30T10:30:00Z,,66.6,,,,PASS,chQTL-AM7255-00_TCATCCTT-AGCTCGCT_H3FL7DSX2_L004_001.R1.fastq.gz,chQTL-AM7255-00_TCATCCTT-AGCTCGCT_H3FL7DSX2_L004_001.R2.fastq.gz,/proj/phanstiel_lab/Data/raw/CQTL/rna/Project_PHA_14535_B03_EXS_RNA.2021-09-16/Sample_chQTL-AM7255-00/fastq/,NA
CQTL_AM7255_R_CTL_18_1,CQTL,AM7255,CTL,18,1,2,NA,NA,NA,NA,2021-03-01T00:00:00Z,1899-12-30T10:30:00Z,,66.6,,,,PASS,chQTL-AM7255-00_TCATCCTT-AGCTCGCT_HY2K5DSXY_L001_001.R1.fastq.gz,chQTL-AM7255-00_TCATCCTT-AGCTCGCT_HY2K5DSXY_L001_001.R2.fastq.gz,/proj/phanstiel_lab/Data/raw/CQTL/rna/Project_PHA_14535_B03_EXS_RNA.2021-09-16/Sample_chQTL-AM7255-00/fastq/,NA
CQTL_AM7255_R_CTL_18_1,CQTL,AM7255,CTL,18,1,3,NA,NA,NA,NA,2021-03-01T00:00:00Z,1899-12-30T10:30:00Z,,66.6,,,,PASS,chQTL-AM7255-00_TCATCCTT-AGCTCGCT_HJLL5DSX2_L001_001.R1.fastq.gz,chQTL-AM7255-00_TCATCCTT-AGCTCGCT_HJLL5DSX2_L001_001.R2.fastq.gz,/proj/phanstiel_lab/Data/raw/CQTL/rna/Project_PHA_14535_B03_EXS_RNA.2021-09-16/Sample_chQTL-AM7255-00/fastq/,NA
CQTL_AM7255_R_FNF_18_1,CQTL,AM7255,FNF,18,1,1,NA,NA,NA,NA,2021-03-01T00:00:00Z,1899-12-30T10:30:00Z,,91,,,,PASS,chQTL-AM7255-18_AGGTTATA-CGGAACTG_H3FL7DSX2_L004_001.R1.fastq.gz,chQTL-AM7255-18_AGGTTATA-CGGAACTG_H3FL7DSX2_L004_001.R2.fastq.gz,/proj/phanstiel_lab/Data/raw/CQTL/rna/Project_PHA_14535_B03_EXS_RNA.2021-09-16/Sample_chQTL-AM7255-18/fastq/,NA
CQTL_AM7255_R_FNF_18_1,CQTL,AM7255,FNF,18,1,2,NA,NA,NA,NA,2021-03-01T00:00:00Z,1899-12-30T10:30:00Z,,91,,,,PASS,chQTL-AM7255-18_AGGTTATA-CGGAACTG_HY2K5DSXY_L001_001.R1.fastq.gz,chQTL-AM7255-18_AGGTTATA-CGGAACTG_HY2K5DSXY_L001_001.R2.fastq.gz,/proj/phanstiel_lab/Data/raw/CQTL/rna/Project_PHA_14535_B03_EXS_RNA.2021-09-16/Sample_chQTL-AM7255-18/fastq/,NA
CQTL_AM7255_R_FNF_18_1,CQTL,AM7255,FNF,18,1,3,NA,NA,NA,NA,2021-03-01T00:00:00Z,1899-12-30T10:30:00Z,,91,,,,PASS,chQTL-AM7255-18_AGGTTATA-CGGAACTG_HJLL5DSX2_L001_001.R1.fastq.gz,chQTL-AM7255-18_AGGTTATA-CGGAACTG_HJLL5DSX2_L001_001.R2.fastq.gz,/proj/phanstiel_lab/Data/raw/CQTL/rna/Project_PHA_14535_B03_EXS_RNA.2021-09-16/Sample_chQTL-AM7255-18/fastq/,NA
CQTL_AM7256_R_CTL_18_1,CQTL,AM7256,CTL,18,1,1,NA,NA,NA,NA,2021-03-01T00:00:00Z,1899-12-30T10:30:00Z,,35.6,,,,PASS,chQTL-AM7256-00_GAACCGCG-TAAGGTCA_H3FL7DSX2_L004_001.R1.fastq.gz,chQTL-AM7256-00_GAACCGCG-TAAGGTCA_H3FL7DSX2_L004_001.R2.fastq.gz,/proj/phanstiel_lab/Data/raw/CQTL/rna/Project_PHA_14535_B03_EXS_RNA.2021-09-16/Sample_chQTL-AM7256-00/fastq/,NA
CQTL_AM7256_R_CTL_18_1,CQTL,AM7256,CTL,18,1,2,NA,NA,NA,NA,2021-03-01T00:00:00Z,1899-12-30T10:30:00Z,,35.6,,,,PASS,chQTL-AM7256-00_GAACCGCG-TAAGGTCA_HY2K5DSXY_L001_001.R1.fastq.gz,chQTL-AM7256-00_GAACCGCG-TAAGGTCA_HY2K5DSXY_L001_001.R2.fastq.gz,/proj/phanstiel_lab/Data/raw/CQTL/rna/Project_PHA_14535_B03_EXS_RNA.2021-09-16/Sample_chQTL-AM7256-00/fastq/,NA
CQTL_AM7256_R_CTL_18_1,CQTL,AM7256,CTL,18,1,3,NA,NA,NA,NA,2021-03-01T00:00:00Z,1899-12-30T10:30:00Z,,35.6,,,,PASS,chQTL-AM7256-00_GAACCGCG-TAAGGTCA_HJLL5DSX2_L001_001.R1.fastq.gz,chQTL-AM7256-00_GAACCGCG-TAAGGTCA_HJLL5DSX2_L001_001.R2.fastq.gz,/proj/phanstiel_lab/Data/raw/CQTL/rna/Project_PHA_14535_B03_EXS_RNA.2021-09-16/Sample_chQTL-AM7256-00/fastq/,NA
CQTL_AM7256_R_FNF_18_1,CQTL,AM7256,FNF,18,1,1,NA,NA,NA,NA,2021-03-01T00:00:00Z,1899-12-30T10:30:00Z,,78.2,,,,PASS,chQTL-AM7256-18_CTCACCAA-TTGCCTAG_H3FL7DSX2_L004_001.R1.fastq.gz,chQTL-AM7256-18_CTCACCAA-TTGCCTAG_H3FL7DSX2_L004_001.R2.fastq.gz,/proj/phanstiel_lab/Data/raw/CQTL/rna/Project_PHA_14535_B03_EXS_RNA.2021-09-16/Sample_chQTL-AM7256-18/fastq/,NA
CQTL_AM7256_R_FNF_18_1,CQTL,AM7256,FNF,18,1,2,NA,NA,NA,NA,2021-03-01T00:00:00Z,1899-12-30T10:30:00Z,,78.2,,,,PASS,chQTL-AM7256-18_CTCACCAA-TTGCCTAG_HY2K5DSXY_L001_001.R1.fastq.gz,chQTL-AM7256-18_CTCACCAA-TTGCCTAG_HY2K5DSXY_L001_001.R2.fastq.gz,/proj/phanstiel_lab/Data/raw/CQTL/rna/Project_PHA_14535_B03_EXS_RNA.2021-09-16/Sample_chQTL-AM7256-18/fastq/,NA
CQTL_AM7256_R_FNF_18_1,CQTL,AM7256,FNF,18,1,3,NA,NA,NA,NA,2021-03-01T00:00:00Z,1899-12-30T10:30:00Z,,78.2,,,,PASS,chQTL-AM7256-18_CTCACCAA-TTGCCTAG_HJLL5DSX2_L001_001.R1.fastq.gz,chQTL-AM7256-18_CTCACCAA-TTGCCTAG_HJLL5DSX2_L001_001.R2.fastq.gz,/proj/phanstiel_lab/Data/raw/CQTL/rna/Project_PHA_14535_B03_EXS_RNA.2021-09-16/Sample_chQTL-AM7256-18/fastq/,NA
CQTL_AM7260_R_CTL_18_1,CQTL,AM7260,CTL,18,1,1,NA,NA,NA,NA,2021-11-08T00:00:00Z,1899-12-30T11:15:00Z,,82.2,,,,PASS,chQTL-AM7260-00_CGGCGTGA-ACAGGCGC_H7YVGDSX3_L003_001.R1.fastq.gz,chQTL-AM7260-00_CGGCGTGA-ACAGGCGC_H7YVGDSX3_L003_001.R2.fastq.gz,/proj/phanstiel_lab/Data/raw/CQTL/rna/Project_PHA_14535_B05_EXS_RNA.2022-02-11/Sample_chQTL-AM7260-00/fastq/,NA
CQTL_AM7260_R_FNF_18_1,CQTL,AM7260,FNF,18,1,1,NA,NA,NA,NA,2021-11-08T00:00:00Z,1899-12-30T11:15:00Z,,140,,,,PASS,chQTL-AM7260-18_ATGTAAGT-CATAGAGT_H7YVGDSX3_L003_001.R1.fastq.gz,chQTL-AM7260-18_ATGTAAGT-CATAGAGT_H7YVGDSX3_L003_001.R2.fastq.gz,/proj/phanstiel_lab/Data/raw/CQTL/rna/Project_PHA_14535_B05_EXS_RNA.2022-02-11/Sample_chQTL-AM7260-18/fastq/,NA
CQTL_AM7261_R_CTL_18_1,CQTL,AM7261,CTL,18,1,1,NA,NA,NA,NA,2021-11-08T00:00:00Z,1899-12-30T11:15:00Z,,95,,,,PASS,chQTL-AM7261-00_GCACGGAC-TGCGAGAC_H7YVGDSX3_L003_001.R1.fastq.gz,chQTL-AM7261-00_GCACGGAC-TGCGAGAC_H7YVGDSX3_L003_001.R2.fastq.gz,/proj/phanstiel_lab/Data/raw/CQTL/rna/Project_PHA_14535_B05_EXS_RNA.2022-02-11/Sample_chQTL-AM7261-00/fastq/,NA
CQTL_AM7261_R_FNF_18_1,CQTL,AM7261,FNF,18,1,1,NA,NA,NA,NA,2021-11-08T00:00:00Z,1899-12-30T11:15:00Z,,110,,,,PASS,chQTL-AM7261-18_GGTACCTT-GACGTCTT_H7YVGDSX3_L003_001.R1.fastq.gz,chQTL-AM7261-18_GGTACCTT-GACGTCTT_H7YVGDSX3_L003_001.R2.fastq.gz,/proj/phanstiel_lab/Data/raw/CQTL/rna/Project_PHA_14535_B05_EXS_RNA.2022-02-11/Sample_chQTL-AM7261-18/fastq/,NA
CQTL_AM7266_R_CTL_18_1,CQTL,AM7266,CTL,18,1,1,NA,NA,NA,NA,2021-11-08T00:00:00Z,1899-12-30T11:15:00Z,,56.4,,,,PASS,chQTL-AM7266-00_AACGTTCC-AGTACTCC_H7YVGDSX3_L003_001.R1.fastq.gz,chQTL-AM7266-00_AACGTTCC-AGTACTCC_H7YVGDSX3_L003_001.R2.fastq.gz,/proj/phanstiel_lab/Data/raw/CQTL/rna/Project_PHA_14535_B05_EXS_RNA.2022-02-11/Sample_chQTL-AM7266-00/fastq/,NA
CQTL_AM7266_R_FNF_18_1,CQTL,AM7266,FNF,18,1,1,NA,NA,NA,NA,2021-11-08T00:00:00Z,1899-12-30T11:15:00Z,,74.8,,,,PASS,chQTL-AM7266-18_ATGAGGCC-CAATTAAC_H7YVGDSX3_L003_001.R1.fastq.gz,chQTL-AM7266-18_ATGAGGCC-CAATTAAC_H7YVGDSX3_L003_001.R2.fastq.gz,/proj/phanstiel_lab/Data/raw/CQTL/rna/Project_PHA_14535_B05_EXS_RNA.2022-02-11/Sample_chQTL-AM7266-18/fastq/,NA
CQTL_AM7269_R_CTL_18_1,CQTL,AM7269,CTL,18,1,1,NA,NA,NA,NA,2021-11-08T00:00:00Z,1899-12-30T11:15:00Z,,59,,,,PASS,chQTL-AM7269-00_TCGATATC-ACTCGTGT_H7YVGDSX3_L003_001.R1.fastq.gz,chQTL-AM7269-00_TCGATATC-ACTCGTGT_H7YVGDSX3_L003_001.R2.fastq.gz,/proj/phanstiel_lab/Data/raw/CQTL/rna/Project_PHA_14535_B05_EXS_RNA.2022-02-11/Sample_chQTL-AM7269-00/fastq/,NA
CQTL_AM7269_R_FNF_18_1,CQTL,AM7269,FNF,18,1,1,NA,NA,NA,NA,2021-11-08T00:00:00Z,1899-12-30T11:15:00Z,,87,,,,PASS,chQTL-AM7269-18_GTCGGAGC-TTATAACC_H7YVGDSX3_L003_001.R1.fastq.gz,chQTL-AM7269-18_GTCGGAGC-TTATAACC_H7YVGDSX3_L003_001.R2.fastq.gz,/proj/phanstiel_lab/Data/raw/CQTL/rna/Project_PHA_14535_B05_EXS_RNA.2022-02-11/Sample_chQTL-AM7269-18/fastq/,NA
CQTL_AM7270_R_CTL_18_1,CQTL,AM7270,CTL,18,1,1,NA,NA,NA,NA,2021-11-08T00:00:00Z,1899-12-30T11:15:00Z,,35.6,,,,PASS,chQTL-AM7270-00_CTTGGTAT-GGACTTGG_H7YVGDSX3_L003_001.R1.fastq.gz,chQTL-AM7270-00_CTTGGTAT-GGACTTGG_H7YVGDSX3_L003_001.R2.fastq.gz,/proj/phanstiel_lab/Data/raw/CQTL/rna/Project_PHA_14535_B05_EXS_RNA.2022-02-11/Sample_chQTL-AM7270-00/fastq/,NA
CQTL_AM7270_R_FNF_18_1,CQTL,AM7270,FNF,18,1,1,NA,NA,NA,NA,2021-11-08T00:00:00Z,1899-12-30T11:15:00Z,,32,,,,PASS,chQTL-AM7270-18_TCCAACGC-AAGTCCAA_H7YVGDSX3_L003_001.R1.fastq.gz,chQTL-AM7270-18_TCCAACGC-AAGTCCAA_H7YVGDSX3_L003_001.R2.fastq.gz,/proj/phanstiel_lab/Data/raw/CQTL/rna/Project_PHA_14535_B05_EXS_RNA.2022-02-11/Sample_chQTL-AM7270-18/fastq/,NA
CQTL_AM7272_R_CTL_18_1,CQTL,AM7272,CTL,18,1,1,NA,NA,NA,NA,2021-11-08T00:00:00Z,1899-12-30T11:15:00Z,,93.6,,,,PASS,chQTL-AM7272-00_CCGTGAAG-ATCCACTG_H7YVGDSX3_L003_001.R1.fastq.gz,chQTL-AM7272-00_CCGTGAAG-ATCCACTG_H7YVGDSX3_L003_001.R2.fastq.gz,/proj/phanstiel_lab/Data/raw/CQTL/rna/Project_PHA_14535_B05_EXS_RNA.2022-02-11/Sample_chQTL-AM7272-00/fastq/,NA
CQTL_AM7272_R_FNF_18_1,CQTL,AM7272,FNF,18,1,1,NA,NA,NA,NA,2021-11-08T00:00:00Z,1899-12-30T11:15:00Z,,74.8,,,,PASS,chQTL-AM7272-18_TTACAGGA-GCTTGTCA_H7YVGDSX3_L003_001.R1.fastq.gz,chQTL-AM7272-18_TTACAGGA-GCTTGTCA_H7YVGDSX3_L003_001.R2.fastq.gz,/proj/phanstiel_lab/Data/raw/CQTL/rna/Project_PHA_14535_B05_EXS_RNA.2022-02-11/Sample_chQTL-AM7272-18/fastq/,NA
CQTL_AM7273_R_FNF_18_1,CQTL,AM7273,FNF,18,1,1,NA,NA,NA,NA,2021-11-08T00:00:00Z,1899-12-30T11:15:00Z,,91,,,,PASS,chQTL-AM7273-18_GGCATTCT-CAAGCTAG_H7YVGDSX3_L003_001.R1.fastq.gz,chQTL-AM7273-18_GGCATTCT-CAAGCTAG_H7YVGDSX3_L003_001.R2.fastq.gz,/proj/phanstiel_lab/Data/raw/CQTL/rna/Project_PHA_14535_B05_EXS_RNA.2022-02-11/Sample_chQTL-AM7273-18/fastq/,NA
CQTL_AM7277_R_CTL_18_1,CQTL,AM7277,CTL,18,1,1,NA,NA,NA,NA,2021-11-08T00:00:00Z,1899-12-30T11:15:00Z,,35.6,,,,PASS,chQTL-AM7277-00_AATGCCTC-TGGATCGA_H7YVGDSX3_L003_001.R1.fastq.gz,chQTL-AM7277-00_AATGCCTC-TGGATCGA_H7YVGDSX3_L003_001.R2.fastq.gz,/proj/phanstiel_lab/Data/raw/CQTL/rna/Project_PHA_14535_B05_EXS_RNA.2022-02-11/Sample_chQTL-AM7277-00/fastq/,NA
CQTL_AM7277_R_FNF_18_1,CQTL,AM7277,FNF,18,1,1,NA,NA,NA,NA,2021-11-08T00:00:00Z,1899-12-30T11:15:00Z,,78.2,,,,PASS,chQTL-AM7277-18_TACCGAGG-AGTTCAGG_H7YVGDSX3_L003_001.R1.fastq.gz,chQTL-AM7277-18_TACCGAGG-AGTTCAGG_H7YVGDSX3_L003_001.R2.fastq.gz,/proj/phanstiel_lab/Data/raw/CQTL/rna/Project_PHA_14535_B05_EXS_RNA.2022-02-11/Sample_chQTL-AM7277-18/fastq/,NA
CQTL_AM7273_R_CTL_18_2,CQTL,AM7273,CTL,18,2,1,NA,NA,NA,NA,2021-12-07T00:00:00Z,1899-12-30T1:15:00Z,,92.4,,,,PASS,chQTL-AM7273-00-2_TAATACAG-GTGAATAT_H7YVGDSX3_L003_001.R1.fastq.gz,chQTL-AM7273-00-2_TAATACAG-GTGAATAT_H7YVGDSX3_L003_001.R2.fastq.gz,/proj/phanstiel_lab/Data/raw/CQTL/rna/Project_PHA_14535_B05_EXS_RNA.2022-02-15/Sample_chQTL-AM7273-00-2/fastq/,NA
CQTL_AM7278_R_CTL_18_1,CQTL,AM7278,CTL,18,1,1,NA,NA,NA,NA,2022-01-26T00:00:00Z,1899-12-30T12:45:00Z,,98.6,,,,PASS,chQTL-AM7278-00_AGTACTCC-AACAGGTT_HGNLMDSX3_L003_001.R1.fastq.gz,chQTL-AM7278-00_AGTACTCC-AACAGGTT_HGNLMDSX3_L003_001.R2.fastq.gz,/proj/phanstiel_lab/Data/raw/CQTL/rna/Project_PHA_14535_B06_EXS_RNA.2022-04-12/Sample_chQTL-AM7278-00/fastq/,NA
CQTL_AM7278_R_FNF_18_1,CQTL,AM7278,FNF,18,1,1,NA,NA,NA,NA,2022-01-26T00:00:00Z,1899-12-30T12:45:00Z,,154,,,,PASS,chQTL-AM7278-18_GACGTCTT-GGTGAACC_HGNLMDSX3_L003_001.R1.fastq.gz,chQTL-AM7278-18_GACGTCTT-GGTGAACC_HGNLMDSX3_L003_001.R2.fastq.gz,/proj/phanstiel_lab/Data/raw/CQTL/rna/Project_PHA_14535_B06_EXS_RNA.2022-04-12/Sample_chQTL-AM7278-18/fastq/,NA
CQTL_AM7280_R_CTL_18_1,CQTL,AM7280,CTL,18,1,1,NA,NA,NA,NA,2022-01-26T00:00:00Z,1899-12-30T12:45:00Z,,58,,,,PASS,chQTL-AM7280-00_TGCGAGAC-CAACAATG_HGNLMDSX3_L003_001.R1.fastq.gz,chQTL-AM7280-00_TGCGAGAC-CAACAATG_HGNLMDSX3_L003_001.R2.fastq.gz,/proj/phanstiel_lab/Data/raw/CQTL/rna/Project_PHA_14535_B06_EXS_RNA.2022-04-12/Sample_chQTL-AM7280-00/fastq/,NA
CQTL_AM7280_R_FNF_18_1,CQTL,AM7280,FNF,18,1,1,NA,NA,NA,NA,2022-01-26T00:00:00Z,1899-12-30T12:45:00Z,,108,,,,PASS,chQTL-AM7280-18_CATAGAGT-TGGTGGCA_HGNLMDSX3_L003_001.R1.fastq.gz,chQTL-AM7280-18_CATAGAGT-TGGTGGCA_HGNLMDSX3_L003_001.R2.fastq.gz,/proj/phanstiel_lab/Data/raw/CQTL/rna/Project_PHA_14535_B06_EXS_RNA.2022-04-12/Sample_chQTL-AM7280-18/fastq/,NA
CQTL_AM7283_R_CTL_18_1,CQTL,AM7283,CTL,18,1,1,NA,NA,NA,NA,2022-01-26T00:00:00Z,1899-12-30T12:45:00Z,,65,,,,PASS,chQTL-AM7283-00_ACAGGCGC-AGGCAGAG_HGNLMDSX3_L003_001.R1.fastq.gz,chQTL-AM7283-00_ACAGGCGC-AGGCAGAG_HGNLMDSX3_L003_001.R2.fastq.gz,/proj/phanstiel_lab/Data/raw/CQTL/rna/Project_PHA_14535_B06_EXS_RNA.2022-04-12/Sample_chQTL-AM7283-00/fastq/,NA
CQTL_AM7283_R_FNF_18_1,CQTL,AM7283,FNF,18,1,1,NA,NA,NA,NA,2022-01-26T00:00:00Z,1899-12-30T12:45:00Z,,85,,,,PASS,chQTL-AM7283-18_GTGAATAT-GAATGAGA_HGNLMDSX3_L003_001.R1.fastq.gz,chQTL-AM7283-18_GTGAATAT-GAATGAGA_HGNLMDSX3_L003_001.R2.fastq.gz,/proj/phanstiel_lab/Data/raw/CQTL/rna/Project_PHA_14535_B06_EXS_RNA.2022-04-12/Sample_chQTL-AM7283-18/fastq/,NA
CQTL_AM7284_R_CTL_18_1,CQTL,AM7284,CTL,18,1,1,NA,NA,NA,NA,2022-01-26T00:00:00Z,1899-12-30T12:45:00Z,,90.6,,,,PASS,chQTL-AM7284-00_AACTGTAG-TGCGGCGT_HGNLMDSX3_L003_001.R1.fastq.gz,chQTL-AM7284-00_AACTGTAG-TGCGGCGT_HGNLMDSX3_L003_001.R2.fastq.gz,/proj/phanstiel_lab/Data/raw/CQTL/rna/Project_PHA_14535_B06_EXS_RNA.2022-04-12/Sample_chQTL-AM7284-00/fastq/,NA
CQTL_AM7284_R_FNF_18_1,CQTL,AM7284,FNF,18,1,1,NA,NA,NA,NA,2022-01-26T00:00:00Z,1899-12-30T12:45:00Z,,81.6,,,,PASS,chQTL-AM7284-18_ACACTAAG-ATATGGAT_HGNLMDSX3_L003_001.R1.fastq.gz,chQTL-AM7284-18_ACACTAAG-ATATGGAT_HGNLMDSX3_L003_001.R2.fastq.gz,/proj/phanstiel_lab/Data/raw/CQTL/rna/Project_PHA_15073_B01_EXS_RNA.2022-04-12/Sample_chQTL-AM7284-18/fastq/,NA
CQTL_AM7285_R_CTL_18_1,CQTL,AM7285,CTL,18,1,1,NA,NA,NA,NA,2022-01-26T00:00:00Z,1899-12-30T12:45:00Z,,22.2,,,,PASS,chQTL-AM7285-00_GTGTCGGA-GCGCAAGC_HGNLMDSX3_L003_001.R1.fastq.gz,chQTL-AM7285-00_GTGTCGGA-GCGCAAGC_HGNLMDSX3_L003_001.R2.fastq.gz,/proj/phanstiel_lab/Data/raw/CQTL/rna/Project_PHA_15073_B01_EXS_RNA.2022-04-12/Sample_chQTL-AM7285-00/fastq/,NA
CQTL_AM7285_R_FNF_18_1,CQTL,AM7285,FNF,18,1,1,NA,NA,NA,NA,2022-01-26T00:00:00Z,1899-12-30T12:45:00Z,,102,,,,PASS,chQTL-AM7285-18_GTCGGAGC-TTATAACC_HGNLMDSX3_L001_001.R1.fastq.gz,chQTL-AM7285-18_GTCGGAGC-TTATAACC_HGNLMDSX3_L001_001.R2.fastq.gz,/proj/phanstiel_lab/Data/raw/CQTL/rna/Project_PHA_15073_B01_EXS_RNA.2022-04-12/Sample_chQTL-AM7285-18/fastq/,NA
CQTL_AM7294_R_CTL_18_1,CQTL,AM7294,CTL,18,1,1,NA,NA,NA,NA,2022-01-26T00:00:00Z,1899-12-30T12:45:00Z,,49.6,,,,PASS,chQTL-AM7294-00_CTTGGTAT-GGACTTGG_HGNLMDSX3_L001_001.R1.fastq.gz,chQTL-AM7294-00_CTTGGTAT-GGACTTGG_HGNLMDSX3_L001_001.R2.fastq.gz,/proj/phanstiel_lab/Data/raw/CQTL/rna/Project_PHA_15073_B01_EXS_RNA.2022-04-12/Sample_chQTL-AM7294-00/fastq/,NA
CQTL_AM7294_R_FNF_18_1,CQTL,AM7294,FNF,18,1,1,NA,NA,NA,NA,2022-01-26T00:00:00Z,1899-12-30T12:45:00Z,,90.8,,,,PASS,chQTL-AM7294-18_GCCACAGG-ATGGCATG_HGNLMDSX3_L003_001.R1.fastq.gz,chQTL-AM7294-18_GCCACAGG-ATGGCATG_HGNLMDSX3_L003_001.R2.fastq.gz,/proj/phanstiel_lab/Data/raw/CQTL/rna/Project_PHA_15073_B01_EXS_RNA.2022-04-12/Sample_chQTL-AM7294-18/fastq/,NA
CQTL_AM7295_R_CTL_18_1,CQTL,AM7295,CTL,18,1,1,NA,NA,NA,NA,2022-01-26T00:00:00Z,1899-12-30T12:45:00Z,,96.6,,,,PASS,chQTL-AM7295-00_ATTGTGAA-GCAATGCA_HGNLMDSX3_L003_001.R1.fastq.gz,chQTL-AM7295-00_ATTGTGAA-GCAATGCA_HGNLMDSX3_L003_001.R2.fastq.gz,/proj/phanstiel_lab/Data/raw/CQTL/rna/Project_PHA_15073_B01_EXS_RNA.2022-04-12/Sample_chQTL-AM7295-00/fastq/,NA
CQTL_AM7295_R_FNF_18_1,CQTL,AM7295,FNF,18,1,1,NA,NA,NA,NA,2022-01-26T00:00:00Z,1899-12-30T12:45:00Z,,96,,,,PASS,chQTL-AM7295-18_ACTCGTGT-GTTCCAAT_HGNLMDSX3_L003_001.R1.fastq.gz,chQTL-AM7295-18_ACTCGTGT-GTTCCAAT_HGNLMDSX3_L003_001.R2.fastq.gz,/proj/phanstiel_lab/Data/raw/CQTL/rna/Project_PHA_15073_B01_EXS_RNA.2022-04-12/Sample_chQTL-AM7295-18/fastq/,NA
CQTL_AM7302_R_CTL_18_1,CQTL,AM7302,CTL,18,1,1,NA,NA,NA,NA,2022-01-26T00:00:00Z,1899-12-30T12:45:00Z,,22.2,,,,PASS,chQTL-AM7302-00_GTCTACAC-ACCTTGGC_HGNLMDSX3_L003_001.R1.fastq.gz,chQTL-AM7302-00_GTCTACAC-ACCTTGGC_HGNLMDSX3_L003_001.R2.fastq.gz,/proj/phanstiel_lab/Data/raw/CQTL/rna/Project_PHA_15073_B01_EXS_RNA.2022-04-12/Sample_chQTL-AM7302-00/fastq/,NA
CQTL_AM7302_R_FNF_18_1,CQTL,AM7302,FNF,18,1,1,NA,NA,NA,NA,2022-01-26T00:00:00Z,1899-12-30T12:45:00Z,,66.8,,,,PASS,chQTL-AM7302-18_CAATTAAC-ATATCTCG_HGNLMDSX3_L003_001.R1.fastq.gz,chQTL-AM7302-18_CAATTAAC-ATATCTCG_HGNLMDSX3_L003_001.R2.fastq.gz,/proj/phanstiel_lab/Data/raw/CQTL/rna/Project_PHA_15073_B01_EXS_RNA.2022-04-12/Sample_chQTL-AM7302-18/fastq/,NA
CQTL_AM7303_R_CTL_18_1,CQTL,AM7303,CTL,18,1,1,NA,NA,NA,NA,2022-02-01T00:00:00Z,1899-12-30T13:30:00Z,,60.8,,,,PASS,chQTL-AM7303-00_ATATCTCG-ACTAAGAT_HGNLMDSX3_L003_001.R1.fastq.gz,chQTL-AM7303-00_ATATCTCG-ACTAAGAT_HGNLMDSX3_L003_001.R2.fastq.gz,/proj/phanstiel_lab/Data/raw/CQTL/rna/Project_PHA_15073_B02_EXS_RNA.2022-04-12/Sample_chQTL-AM7303-00/fastq/,NA
CQTL_AM7303_R_FNF_18_1,CQTL,AM7303,FNF,18,1,1,NA,NA,NA,NA,2022-02-01T00:00:00Z,1899-12-30T13:30:00Z,,71.4,,,,PASS,chQTL-AM7303-18_GCGCTCTA-GTCGGAGC_HGNLMDSX3_L003_001.R1.fastq.gz,chQTL-AM7303-18_GCGCTCTA-GTCGGAGC_HGNLMDSX3_L003_001.R2.fastq.gz,/proj/phanstiel_lab/Data/raw/CQTL/rna/Project_PHA_15073_B02_EXS_RNA.2022-04-12/Sample_chQTL-AM7303-18/fastq/,NA
CQTL_AM7304_R_CTL_18_1,CQTL,AM7304,CTL,18,1,1,NA,NA,NA,NA,2022-02-01T00:00:00Z,1899-12-30T13:30:00Z,,72.4,,,,PASS,chQTL-AM7304-00_AACAGGTT-CTTGGTAT_HGNLMDSX3_L003_001.R1.fastq.gz,chQTL-AM7304-00_AACAGGTT-CTTGGTAT_HGNLMDSX3_L003_001.R2.fastq.gz,/proj/phanstiel_lab/Data/raw/CQTL/rna/Project_PHA_15073_B02_EXS_RNA.2022-04-12/Sample_chQTL-AM7304-00/fastq/,NA
CQTL_AM7304_R_FNF_18_1,CQTL,AM7304,FNF,18,1,1,NA,NA,NA,NA,2022-02-01T00:00:00Z,1899-12-30T13:30:00Z,,102,,,,PASS,chQTL-AM7304-18_GGTGAACC-TCCAACGC_HGNLMDSX3_L003_001.R1.fastq.gz,chQTL-AM7304-18_GGTGAACC-TCCAACGC_HGNLMDSX3_L003_001.R2.fastq.gz,/proj/phanstiel_lab/Data/raw/CQTL/rna/Project_PHA_15073_B02_EXS_RNA.2022-04-12/Sample_chQTL-AM7304-18/fastq/,NA
CQTL_AM7312_R_CTL_18_1,CQTL,AM7312,CTL,18,1,1,NA,NA,NA,NA,2022-02-01T00:00:00Z,1899-12-30T13:30:00Z,,76.4,,,,PASS,chQTL-AM7312-00_CAACAATG-CCGTGAAG_HGNLMDSX3_L003_001.R1.fastq.gz,chQTL-AM7312-00_CAACAATG-CCGTGAAG_HGNLMDSX3_L003_001.R2.fastq.gz,/proj/phanstiel_lab/Data/raw/CQTL/rna/Project_PHA_15073_B02_EXS_RNA.2022-04-12/Sample_chQTL-AM7312-00/fastq/,NA
CQTL_AM7312_R_FNF_18_1,CQTL,AM7312,FNF,18,1,1,NA,NA,NA,NA,2022-02-01T00:00:00Z,1899-12-30T13:30:00Z,,89.4,,,,PASS,chQTL-AM7312-18_TGGTGGCA-TTACAGGA_HGNLMDSX3_L003_001.R1.fastq.gz,chQTL-AM7312-18_TGGTGGCA-TTACAGGA_HGNLMDSX3_L003_001.R2.fastq.gz,/proj/phanstiel_lab/Data/raw/CQTL/rna/Project_PHA_15073_B02_EXS_RNA.2022-04-12/Sample_chQTL-AM7312-18/fastq/,NA
CQTL_AM7313_R_CTL_18_1,CQTL,AM7313,CTL,18,1,1,NA,NA,NA,NA,2022-02-01T00:00:00Z,1899-12-30T13:30:00Z,,48.6,,,,PASS,chQTL-AM7313-00_TGGCCGGT-GCGCTCTA_HGNLMDSX3_L003_001.R1.fastq.gz,chQTL-AM7313-00_TGGCCGGT-GCGCTCTA_HGNLMDSX3_L003_001.R2.fastq.gz,/proj/phanstiel_lab/Data/raw/CQTL/rna/Project_PHA_15073_B02_EXS_RNA.2022-04-12/Sample_chQTL-AM7313-00/fastq/,NA
CQTL_AM7313_R_FNF_18_1,CQTL,AM7313,FNF,18,1,1,NA,NA,NA,NA,2022-02-01T00:00:00Z,1899-12-30T13:30:00Z,,69.2,,,,PASS,chQTL-AM7313-18_GAATGAGA-AATGCCTC_HGNLMDSX3_L003_001.R1.fastq.gz,chQTL-AM7313-18_GAATGAGA-AATGCCTC_HGNLMDSX3_L003_001.R2.fastq.gz,/proj/phanstiel_lab/Data/raw/CQTL/rna/Project_PHA_15073_B02_EXS_RNA.2022-04-12/Sample_chQTL-AM7313-18/fastq/,NA
CQTL_AM7318_R_CTL_18_1,CQTL,AM7318,CTL,18,1,1,NA,NA,NA,NA,2022-02-01T00:00:00Z,1899-12-30T13:30:00Z,,97,,,,PASS,chQTL-AM7318-00_TGCGGCGT-TACCGAGG_HGNLMDSX3_L003_001.R1.fastq.gz,chQTL-AM7318-00_TGCGGCGT-TACCGAGG_HGNLMDSX3_L003_001.R2.fastq.gz,/proj/phanstiel_lab/Data/raw/CQTL/rna/Project_PHA_15073_B02_EXS_RNA.2022-04-12/Sample_chQTL-AM7318-00/fastq/,NA
CQTL_AM7318_R_FNF_18_1,CQTL,AM7318,FNF,18,1,1,NA,NA,NA,NA,2022-02-01T00:00:00Z,1899-12-30T13:30:00Z,,110,,,,PASS,chQTL-AM7318-18_CATAATAC-CGTTAGAA_HGNLMDSX3_L003_001.R1.fastq.gz,chQTL-AM7318-18_CATAATAC-CGTTAGAA_HGNLMDSX3_L003_001.R2.fastq.gz,/proj/phanstiel_lab/Data/raw/CQTL/rna/Project_PHA_15073_B02_EXS_RNA.2022-04-12/Sample_chQTL-AM7318-18/fastq/,NA
CQTL_AM7319_R_CTL_18_1,CQTL,AM7319,CTL,18,1,1,NA,NA,NA,NA,2022-02-01T00:00:00Z,1899-12-30T13:30:00Z,,78.2,,,,PASS,chQTL-AM7319-00_GATCTATC-AGCCTCAT_HGNLMDSX3_L003_001.R1.fastq.gz,chQTL-AM7319-00_GATCTATC-AGCCTCAT_HGNLMDSX3_L003_001.R2.fastq.gz,/proj/phanstiel_lab/Data/raw/CQTL/rna/Project_PHA_15073_B02_EXS_RNA.2022-04-12/Sample_chQTL-AM7319-00/fastq/,NA
CQTL_AM7319_R_FNF_18_1,CQTL,AM7319,FNF,18,1,1,NA,NA,NA,NA,2022-02-01T00:00:00Z,1899-12-30T13:30:00Z,,106,,,,PASS,chQTL-AM7319-18_AGCTCGCT-GATTCTGC_HGNLMDSX3_L003_001.R1.fastq.gz,chQTL-AM7319-18_AGCTCGCT-GATTCTGC_HGNLMDSX3_L003_001.R2.fastq.gz,/proj/phanstiel_lab/Data/raw/CQTL/rna/Project_PHA_15073_B02_EXS_RNA.2022-04-12/Sample_chQTL-AM7319-18/fastq/,This sample was incorrectly named and has been renamed.
CQTL_AM7320_R_CTL_18_1,CQTL,AM7320,CTL,18,1,1,NA,NA,NA,NA,2022-02-01T00:00:00Z,1899-12-30T13:30:00Z,,48.4,,,,PASS,chQTL-AM7320-00_CGGAACTG-TCGTAGTG_HGNLMDSX3_L003_001.R1.fastq.gz,chQTL-AM7320-00_CGGAACTG-TCGTAGTG_HGNLMDSX3_L003_001.R2.fastq.gz,/proj/phanstiel_lab/Data/raw/CQTL/rna/Project_PHA_15073_B02_EXS_RNA.2022-04-12/Sample_chQTL-AM7320-00/fastq/,NA
CQTL_AM7320_R_FNF_18_1,CQTL,AM7320,FNF,18,1,1,NA,NA,NA,NA,2022-02-01T00:00:00Z,1899-12-30T13:30:00Z,,58.2,,,,PASS,chQTL-AM7320-18_TAAGGTCA-CTACGACA_HGNLMDSX3_L003_001.R1.fastq.gz,chQTL-AM7320-18_TAAGGTCA-CTACGACA_HGNLMDSX3_L003_001.R2.fastq.gz,/proj/phanstiel_lab/Data/raw/CQTL/rna/Project_PHA_15073_B02_EXS_RNA.2022-04-12/Sample_chQTL-AM7320-18/fastq/,NA
CQTL_AM7321_R_CTL_18_1,CQTL,AM7321,CTL,18,1,1,NA,NA,NA,NA,2022-02-01T00:00:00Z,1899-12-30T13:30:00Z,,81,,,,PASS,chQTL-AM7321-00_TTGCCTAG-TAAGTGGT_HGNLMDSX3_L003_001.R1.fastq.gz,chQTL-AM7321-00_TTGCCTAG-TAAGTGGT_HGNLMDSX3_L003_001.R2.fastq.gz,/proj/phanstiel_lab/Data/raw/CQTL/rna/Project_PHA_15073_B02_EXS_RNA.2022-04-12/Sample_chQTL-AM7321-00/fastq/,NA
CQTL_AM7321_R_FNF_18_1,CQTL,AM7321,FNF,18,1,1,NA,NA,NA,NA,2022-02-01T00:00:00Z,1899-12-30T13:30:00Z,,51.8,,,,PASS,chQTL-AM7321-18_CCATTCGA-CGGACAAC_HGNLMDSX3_L003_001.R1.fastq.gz,chQTL-AM7321-18_CCATTCGA-CGGACAAC_HGNLMDSX3_L003_001.R2.fastq.gz,/proj/phanstiel_lab/Data/raw/CQTL/rna/Project_PHA_15073_B02_EXS_RNA.2022-04-12/Sample_chQTL-AM7321-18/fastq/,NA
CQTL_AM7323_R_CTL_18_1,CQTL,AM7323,CTL,18,1,1,NA,NA,NA,NA,2022-03-02T00:00:00Z,1899-12-30T12:05:00Z,,102,,,,PASS,chQTL-AM7323-00_TCCAACGC-AAGTCCAA_HGNLMDSX3_L001_001.R1.fastq.gz,chQTL-AM7323-00_TCCAACGC-AAGTCCAA_HGNLMDSX3_L001_001.R2.fastq.gz,/proj/phanstiel_lab/Data/raw/CQTL/rna/Project_PHA_15073_B03_EXS_RNA.2022-05-23/Sample_chQTL-AM7323-00/fastq/,NA
CQTL_AM7323_R_FNF_18_1,CQTL,AM7323,FNF,18,1,1,NA,NA,NA,NA,2022-03-02T00:00:00Z,1899-12-30T12:05:00Z,,150,,,,PASS,chQTL-AM7323-18_CCGTGAAG-ATCCACTG_HGNLMDSX3_L001_001.R1.fastq.gz,chQTL-AM7323-18_CCGTGAAG-ATCCACTG_HGNLMDSX3_L001_001.R2.fastq.gz,/proj/phanstiel_lab/Data/raw/CQTL/rna/Project_PHA_15073_B03_EXS_RNA.2022-05-23/Sample_chQTL-AM7323-18/fastq/,NA
CQTL_AM7325_R_CTL_18_1,CQTL,AM7325,CTL,18,1,1,NA,NA,NA,NA,2022-03-02T00:00:00Z,1899-12-30T12:05:00Z,,88.4,,,,PASS,chQTL-AM7325-00_TTACAGGA-GCTTGTCA_HGNLMDSX3_L001_001.R1.fastq.gz,chQTL-AM7325-00_TTACAGGA-GCTTGTCA_HGNLMDSX3_L001_001.R2.fastq.gz,/proj/phanstiel_lab/Data/raw/CQTL/rna/Project_PHA_15073_B03_EXS_RNA.2022-05-23/Sample_chQTL-AM7325-00/fastq/,NA
CQTL_AM7325_R_FNF_18_1,CQTL,AM7325,FNF,18,1,1,NA,NA,NA,NA,2022-03-02T00:00:00Z,1899-12-30T12:05:00Z,,116,,,,PASS,chQTL-AM7325-18_GGCATTCT-CAAGCTAG_HGNLMDSX3_L001_001.R1.fastq.gz,chQTL-AM7325-18_GGCATTCT-CAAGCTAG_HGNLMDSX3_L001_001.R2.fastq.gz,/proj/phanstiel_lab/Data/raw/CQTL/rna/Project_PHA_15073_B03_EXS_RNA.2022-05-23/Sample_chQTL-AM7325-18/fastq/,NA
CQTL_AM7327_R_CTL_18_1,CQTL,AM7327,CTL,18,1,1,NA,NA,NA,NA,2022-03-02T00:00:00Z,1899-12-30T12:05:00Z,,102,,,,PASS,chQTL-AM7327-00_AATGCCTC-TGGATCGA_HGNLMDSX3_L001_001.R1.fastq.gz,chQTL-AM7327-00_AATGCCTC-TGGATCGA_HGNLMDSX3_L001_001.R2.fastq.gz,/proj/phanstiel_lab/Data/raw/CQTL/rna/Project_PHA_15073_B03_EXS_RNA.2022-05-23/Sample_chQTL-AM7327-00/fastq/,NA
CQTL_AM7327_R_FNF_18_1,CQTL,AM7327,FNF,18,1,1,NA,NA,NA,NA,2022-03-02T00:00:00Z,1899-12-30T12:05:00Z,,96,,,,PASS,chQTL-AM7327-18_TACCGAGG-AGTTCAGG_HGNLMDSX3_L002_001.R1.fastq.gz,chQTL-AM7327-18_TACCGAGG-AGTTCAGG_HGNLMDSX3_L002_001.R2.fastq.gz,/proj/phanstiel_lab/Data/raw/CQTL/rna/Project_PHA_15073_B03_EXS_RNA.2022-05-23/Sample_chQTL-AM7327-18/fastq/,NA
CQTL_AM7328_R_CTL_18_1,CQTL,AM7328,CTL,18,1,1,NA,NA,NA,NA,2022-03-02T00:00:00Z,1899-12-30T12:05:00Z,,93,,,,PASS,chQTL-AM7328-00_CGTTAGAA-GACCTGAA_HGNLMDSX3_L002_001.R1.fastq.gz,chQTL-AM7328-00_CGTTAGAA-GACCTGAA_HGNLMDSX3_L002_001.R2.fastq.gz,/proj/phanstiel_lab/Data/raw/CQTL/rna/Project_PHA_15073_B03_EXS_RNA.2022-05-23/Sample_chQTL-AM7328-00/fastq/,NA
CQTL_AM7328_R_FNF_18_1,CQTL,AM7328,FNF,18,1,1,NA,NA,NA,NA,2022-03-02T00:00:00Z,1899-12-30T12:05:00Z,,114,,,,PASS,chQTL-AM7328-18_AGCCTCAT-TCTCTACT_HGNLMDSX3_L002_001.R1.fastq.gz,chQTL-AM7328-18_AGCCTCAT-TCTCTACT_HGNLMDSX3_L002_001.R2.fastq.gz,/proj/phanstiel_lab/Data/raw/CQTL/rna/Project_PHA_15073_B03_EXS_RNA.2022-05-23/Sample_chQTL-AM7328-18/fastq/,NA
CQTL_AM7329_R_CTL_18_1,CQTL,AM7329,CTL,18,1,1,NA,NA,NA,NA,2022-03-02T00:00:00Z,1899-12-30T12:05:00Z,,120,,,,PASS,chQTL-AM7329-00_GATTCTGC-CTCTCGTC_HGNLMDSX3_L002_001.R1.fastq.gz,chQTL-AM7329-00_GATTCTGC-CTCTCGTC_HGNLMDSX3_L002_001.R2.fastq.gz,/proj/phanstiel_lab/Data/raw/CQTL/rna/Project_PHA_15073_B03_EXS_RNA.2022-05-23/Sample_chQTL-AM7329-00/fastq/,NA
CQTL_AM7329_R_FNF_18_1,CQTL,AM7329,FNF,18,1,1,NA,NA,NA,NA,2022-03-02T00:00:00Z,1899-12-30T12:05:00Z,,168,,,,PASS,chQTL-AM7329-18_TCGTAGTG-CCAAGTCT_HGNLMDSX3_L002_001.R1.fastq.gz,chQTL-AM7329-18_TCGTAGTG-CCAAGTCT_HGNLMDSX3_L002_001.R2.fastq.gz,/proj/phanstiel_lab/Data/raw/CQTL/rna/Project_PHA_15073_B03_EXS_RNA.2022-05-23/Sample_chQTL-AM7329-18/fastq/,NA
CQTL_AM7332_R_CTL_18_1,CQTL,AM7332,CTL,18,1,1,NA,NA,NA,NA,2022-03-02T00:00:00Z,1899-12-30T12:05:00Z,,81.4,,,,PASS,chQTL-AM7332-00_CTACGACA-TTGGACTC_HGNLMDSX3_L002_001.R1.fastq.gz,chQTL-AM7332-00_CTACGACA-TTGGACTC_HGNLMDSX3_L002_001.R2.fastq.gz,/proj/phanstiel_lab/Data/raw/CQTL/rna/Project_PHA_15073_B03_EXS_RNA.2022-05-23/Sample_chQTL-AM7332-00/fastq/,NA
CQTL_AM7332_R_FNF_18_1,CQTL,AM7332,FNF,18,1,1,NA,NA,NA,NA,2022-03-02T00:00:00Z,1899-12-30T12:05:00Z,,92.2,,,,PASS,chQTL-AM7332-18_TAAGTGGT-GGCTTAAG_HGNLMDSX3_L002_001.R1.fastq.gz,chQTL-AM7332-18_TAAGTGGT-GGCTTAAG_HGNLMDSX3_L002_001.R2.fastq.gz,/proj/phanstiel_lab/Data/raw/CQTL/rna/Project_PHA_15073_B03_EXS_RNA.2022-05-23/Sample_chQTL-AM7332-18/fastq/,NA
CQTL_AM7333_R_CTL_18_1,CQTL,AM7333,CTL,18,1,1,NA,NA,NA,NA,2022-03-02T00:00:00Z,1899-12-30T12:05:00Z,,55,,,,PASS,chQTL-AM7333-00_CGGACAAC-AATCCGGA_HGNLMDSX3_L002_001.R1.fastq.gz,chQTL-AM7333-00_CGGACAAC-AATCCGGA_HGNLMDSX3_L002_001.R2.fastq.gz,/proj/phanstiel_lab/Data/raw/CQTL/rna/Project_PHA_15073_B03_EXS_RNA.2022-05-23/Sample_chQTL-AM7333-00/fastq/,NA
CQTL_AM7333_R_FNF_18_1,CQTL,AM7333,FNF,18,1,1,NA,NA,NA,NA,2022-03-02T00:00:00Z,1899-12-30T12:05:00Z,,106,,,,PASS,chQTL-AM7333-18_ATATGGAT-TAATACAG_HGNLMDSX3_L002_001.R1.fastq.gz,chQTL-AM7333-18_ATATGGAT-TAATACAG_HGNLMDSX3_L002_001.R2.fastq.gz,/proj/phanstiel_lab/Data/raw/CQTL/rna/Project_PHA_15073_B03_EXS_RNA.2022-05-23/Sample_chQTL-AM7333-18/fastq/,NA
CQTL_AM7334_R_CTL_18_1,CQTL,AM7334,CTL,18,1,1,NA,NA,NA,NA,2022-03-02T00:00:00Z,1899-12-30T12:05:00Z,,114,,,,PASS,chQTL-AM7334-00_GCGCAAGC-CGGCGTGA_HGNLMDSX3_L002_001.R1.fastq.gz,chQTL-AM7334-00_GCGCAAGC-CGGCGTGA_HGNLMDSX3_L002_001.R2.fastq.gz,/proj/phanstiel_lab/Data/raw/CQTL/rna/Project_PHA_15073_B03_EXS_RNA.2022-05-23/Sample_chQTL-AM7334-00/fastq/,NA
CQTL_AM7334_R_FNF_18_1,CQTL,AM7334,FNF,18,1,1,NA,NA,NA,NA,2022-03-02T00:00:00Z,1899-12-30T12:05:00Z,,104,,,,PASS,chQTL-AM7334-18_AAGATACT-ATGTAAGT_HGNLMDSX3_L002_001.R1.fastq.gz,chQTL-AM7334-18_AAGATACT-ATGTAAGT_HGNLMDSX3_L002_001.R2.fastq.gz,/proj/phanstiel_lab/Data/raw/CQTL/rna/Project_PHA_15073_B03_EXS_RNA.2022-05-23/Sample_chQTL-AM7334-18/fastq/,NA
CQTL_AM7336_R_CTL_18_1,CQTL,AM7336,CTL,18,1,1,NA,NA,NA,NA,2022-03-04T00:00:00Z,1899-12-30T12:10:00Z,,118,,,,PASS,chQTL-AM7336-00_GGAGCGTC-GCACGGAC_HGNLMDSX3_L002_001.R1.fastq.gz,chQTL-AM7336-00_GGAGCGTC-GCACGGAC_HGNLMDSX3_L002_001.R2.fastq.gz,/proj/phanstiel_lab/Data/raw/CQTL/rna/Project_PHA_15073_B03_EXS_RNA.2022-05-23/Sample_chQTL-AM7336-00/fastq/,NA
CQTL_AM7336_R_FNF_18_1,CQTL,AM7336,FNF,18,1,1,NA,NA,NA,NA,2022-03-04T00:00:00Z,1899-12-30T12:10:00Z,,122,,,,PASS,chQTL-AM7336-18_ATGGCATG-GGTACCTT_HGNLMDSX3_L002_001.R1.fastq.gz,chQTL-AM7336-18_ATGGCATG-GGTACCTT_HGNLMDSX3_L002_001.R2.fastq.gz,/proj/phanstiel_lab/Data/raw/CQTL/rna/Project_PHA_15073_B03_EXS_RNA.2022-05-23/Sample_chQTL-AM7336-18/fastq/,NA
CQTL_AM7337_R_CTL_18_1,CQTL,AM7337,CTL,18,1,1,NA,NA,NA,NA,2022-03-04T00:00:00Z,1899-12-30T12:10:00Z,,76.6,,,,PASS,chQTL-AM7337-00_GCAATGCA-AACGTTCC_HGNLMDSX3_L002_001.R1.fastq.gz,chQTL-AM7337-00_GCAATGCA-AACGTTCC_HGNLMDSX3_L002_001.R2.fastq.gz,/proj/phanstiel_lab/Data/raw/CQTL/rna/Project_PHA_15073_B03_EXS_RNA.2022-05-23/Sample_chQTL-AM7337-00/fastq/,NA
CQTL_AM7337_R_FNF_18_1,CQTL,AM7337,FNF,18,1,1,NA,NA,NA,NA,2022-03-04T00:00:00Z,1899-12-30T12:10:00Z,,91.4,,,,PASS,chQTL-AM7337-18_GTTCCAAT-GCAGAATT_HGNLMDSX3_L002_001.R1.fastq.gz,chQTL-AM7337-18_GTTCCAAT-GCAGAATT_HGNLMDSX3_L002_001.R2.fastq.gz,/proj/phanstiel_lab/Data/raw/CQTL/rna/Project_PHA_15073_B03_EXS_RNA.2022-05-23/Sample_chQTL-AM7337-18/fastq/,NA
CQTL_AM7343_R_CTL_18_1,CQTL,AM7343,CTL,18,1,1,NA,NA,NA,NA,2022-03-04T00:00:00Z,1899-12-30T12:10:00Z,,77,,,,PASS,chQTL-AM7343-00_ACCTTGGC-ATGAGGCC_HGNLMDSX3_L002_001.R1.fastq.gz,chQTL-AM7343-00_ACCTTGGC-ATGAGGCC_HGNLMDSX3_L002_001.R2.fastq.gz,/proj/phanstiel_lab/Data/raw/CQTL/rna/Project_PHA_15073_B03_EXS_RNA.2022-05-23/Sample_chQTL-AM7343-00/fastq/,NA
CQTL_AM7343_R_FNF_18_1,CQTL,AM7343,FNF,18,1,1,NA,NA,NA,NA,2022-03-04T00:00:00Z,1899-12-30T12:10:00Z,,89.4,,,,PASS,chQTL-AM7343-18_ATATCTCG-ACTAAGAT_HGNLMDSX3_L002_001.R1.fastq.gz,chQTL-AM7343-18_ATATCTCG-ACTAAGAT_HGNLMDSX3_L002_001.R2.fastq.gz,/proj/phanstiel_lab/Data/raw/CQTL/rna/Project_PHA_15073_B03_EXS_RNA.2022-05-23/Sample_chQTL-AM7343-18/fastq/,NA
CQTL_AM7344_R_CTL_18_1,CQTL,AM7344,CTL,18,1,1,NA,NA,NA,NA,2022-03-04T00:00:00Z,1899-12-30T12:10:00Z,,59.8,,,,PASS,chQTL-AM7344-00_GCGCTCTA-GTCGGAGC_HGNLMDSX3_L002_001.R1.fastq.gz,chQTL-AM7344-00_GCGCTCTA-GTCGGAGC_HGNLMDSX3_L002_001.R2.fastq.gz,/proj/phanstiel_lab/Data/raw/CQTL/rna/Project_PHA_15073_B03_EXS_RNA.2022-05-23/Sample_chQTL-AM7344-00/fastq/,NA
CQTL_AM7344_R_FNF_18_1,CQTL,AM7344,FNF,18,1,1,NA,NA,NA,NA,2022-03-04T00:00:00Z,1899-12-30T12:10:00Z,,95.6,,,,PASS,chQTL-AM7344-18_AACAGGTT-CTTGGTAT_HGNLMDSX3_L002_001.R1.fastq.gz,chQTL-AM7344-18_AACAGGTT-CTTGGTAT_HGNLMDSX3_L002_001.R2.fastq.gz,/proj/phanstiel_lab/Data/raw/CQTL/rna/Project_PHA_15073_B03_EXS_RNA.2022-05-23/Sample_chQTL-AM7344-18/fastq/,NA
CQTL_AM7345_R_CTL_18_1,CQTL,AM7345,CTL,18,1,1,NA,NA,NA,NA,2022-03-04T00:00:00Z,1899-12-30T12:10:00Z,,166,,,,PASS,chQTL-AM7345-00_GGTGAACC-TCCAACGC_HGNLMDSX3_L002_001.R1.fastq.gz,chQTL-AM7345-00_GGTGAACC-TCCAACGC_HGNLMDSX3_L002_001.R2.fastq.gz,/proj/phanstiel_lab/Data/raw/CQTL/rna/Project_PHA_15073_B03_EXS_RNA.2022-05-23/Sample_chQTL-AM7345-00/fastq/,NA
CQTL_AM7345_R_FNF_18_1,CQTL,AM7345,FNF,18,1,1,NA,NA,NA,NA,2022-03-04T00:00:00Z,1899-12-30T12:10:00Z,,168,,,,PASS,chQTL-AM7345-18_CAACAATG-CCGTGAAG_HGNLMDSX3_L002_001.R1.fastq.gz,chQTL-AM7345-18_CAACAATG-CCGTGAAG_HGNLMDSX3_L002_001.R2.fastq.gz,/proj/phanstiel_lab/Data/raw/CQTL/rna/Project_PHA_15073_B03_EXS_RNA.2022-05-23/Sample_chQTL-AM7345-18/fastq/,NA
CQTL_AM7346_R_CTL_18_1,CQTL,AM7346,CTL,18,1,1,NA,NA,NA,NA,2022-03-04T00:00:00Z,1899-12-30T12:10:00Z,,85.2,,,,PASS,chQTL-AM7346-00_TGGTGGCA-TTACAGGA_HGNLMDSX3_L002_001.R1.fastq.gz,chQTL-AM7346-00_TGGTGGCA-TTACAGGA_HGNLMDSX3_L002_001.R2.fastq.gz,/proj/phanstiel_lab/Data/raw/CQTL/rna/Project_PHA_15073_B03_EXS_RNA.2022-05-23/Sample_chQTL-AM7346-00/fastq/,NA
CQTL_AM7346_R_FNF_18_1,CQTL,AM7346,FNF,18,1,1,NA,NA,NA,NA,2022-03-04T00:00:00Z,1899-12-30T12:10:00Z,,106,,,,PASS,chQTL-AM7346-18_GAATGAGA-AATGCCTC_HGNLMDSX3_L002_001.R1.fastq.gz,chQTL-AM7346-18_GAATGAGA-AATGCCTC_HGNLMDSX3_L002_001.R2.fastq.gz,/proj/phanstiel_lab/Data/raw/CQTL/rna/Project_PHA_15073_B03_EXS_RNA.2022-05-23/Sample_chQTL-AM7346-18/fastq/,NA
CQTL_AM7352_R_CTL_18_1,CQTL,AM7352,CTL,18,1,1,NA,NA,NA,NA,2022-03-04T00:00:00Z,1899-12-30T12:10:00Z,,58.4,,,,PASS,chQTL-AM7352-00_TGCGGCGT-TACCGAGG_HGNLMDSX3_L002_001.R1.fastq.gz,chQTL-AM7352-00_TGCGGCGT-TACCGAGG_HGNLMDSX3_L002_001.R2.fastq.gz,/proj/phanstiel_lab/Data/raw/CQTL/rna/Project_PHA_15073_B03_EXS_RNA.2022-05-23/Sample_chQTL-AM7352-00/fastq/,NA
CQTL_AM7352_R_FNF_18_1,CQTL,AM7352,FNF,18,1,1,NA,NA,NA,NA,2022-03-04T00:00:00Z,1899-12-30T12:10:00Z,,75.2,,,,PASS,chQTL-AM7352-18_CATAATAC-CGTTAGAA_HGNLMDSX3_L002_001.R1.fastq.gz,chQTL-AM7352-18_CATAATAC-CGTTAGAA_HGNLMDSX3_L002_001.R2.fastq.gz,/proj/phanstiel_lab/Data/raw/CQTL/rna/Project_PHA_15073_B03_EXS_RNA.2022-05-23/Sample_chQTL-AM7352-18/fastq/,NA
CQTL_AM7352_R_FNF_18_1,CQTL,AM7352,FNF,18,1,2,NA,NA,NA,NA,2022-03-04T00:00:00Z,1899-12-30T12:10:00Z,,75.2,,,,PASS,chQTL-AM7352-18_GTTCCAAT-GCAGAATT_HLWGVDSX3_L004_001.R1.fastq.gz,chQTL-AM7352-18_GTTCCAAT-GCAGAATT_HLWGVDSX3_L004_001.R2.fastq.gz,/proj/phanstiel_lab/Data/raw/CQTL/rna/Project_PHA_15073_B03_EXS_RNA.2022-05-23/Sample_chQTL-AM7352-18/fastq/,NA
CQTL_AM7353_R_CTL_18_1,CQTL,AM7353,CTL,18,1,1,NA,NA,NA,NA,2022-03-04T00:00:00Z,1899-12-30T12:10:00Z,,63,,,,PASS,chQTL-AM7353-00_GATCTATC-AGCCTCAT_HGNLMDSX3_L002_001.R1.fastq.gz,chQTL-AM7353-00_GATCTATC-AGCCTCAT_HGNLMDSX3_L002_001.R2.fastq.gz,/proj/phanstiel_lab/Data/raw/CQTL/rna/Project_PHA_15073_B03_EXS_RNA.2022-05-23/Sample_chQTL-AM7353-00/fastq/,NA
CQTL_AM7353_R_FNF_18_1,CQTL,AM7353,FNF,18,1,1,NA,NA,NA,NA,2022-03-04T00:00:00Z,1899-12-30T12:10:00Z,,70.8,,,,PASS,chQTL-AM7353-18_AGCTCGCT-GATTCTGC_HGNLMDSX3_L002_001.R1.fastq.gz,chQTL-AM7353-18_AGCTCGCT-GATTCTGC_HGNLMDSX3_L002_001.R2.fastq.gz,/proj/phanstiel_lab/Data/raw/CQTL/rna/Project_PHA_15073_B03_EXS_RNA.2022-05-23/Sample_chQTL-AM7353-18/fastq/,NA
CQTL_AM7354_R_CTL_18_1,CQTL,AM7354,CTL,18,1,1,NA,NA,NA,NA,2022-03-09T00:00:00Z,1899-12-30T12:00:00Z,,67.2,,,,PASS,chQTL-AM7354-00_TACCGAGG-AGTTCAGG_HLWGVDSX3_L004_001.R1.fastq.gz,chQTL-AM7354-00_TACCGAGG-AGTTCAGG_HLWGVDSX3_L004_001.R2.fastq.gz,/proj/phanstiel_lab/Data/raw/CQTL/rna/Project_PHA_15073_B04_EXS_RNA.2022-05-23/Sample_chQTL-AM7354-00/fastq/,NA
CQTL_AM7354_R_FNF_18_1,CQTL,AM7354,FNF,18,1,1,NA,NA,NA,NA,2022-03-09T00:00:00Z,1899-12-30T12:00:00Z,,130,,,,PASS,chQTL-AM7354-18_CGTTAGAA-GACCTGAA_HLWGVDSX3_L004_001.R1.fastq.gz,chQTL-AM7354-18_CGTTAGAA-GACCTGAA_HLWGVDSX3_L004_001.R2.fastq.gz,/proj/phanstiel_lab/Data/raw/CQTL/rna/Project_PHA_15073_B04_EXS_RNA.2022-05-23/Sample_chQTL-AM7354-18/fastq/,NA
CQTL_AM7356_R_CTL_18_1,CQTL,AM7356,CTL,18,1,1,NA,NA,NA,NA,2022-03-09T00:00:00Z,1899-12-30T12:00:00Z,,168,,,,PASS,chQTL-AM7356-00_AGCCTCAT-TCTCTACT_HLWGVDSX3_L004_001.R1.fastq.gz,chQTL-AM7356-00_AGCCTCAT-TCTCTACT_HLWGVDSX3_L004_001.R2.fastq.gz,/proj/phanstiel_lab/Data/raw/CQTL/rna/Project_PHA_15073_B04_EXS_RNA.2022-05-23/Sample_chQTL-AM7356-00/fastq/,NA
CQTL_AM7356_R_FNF_18_1,CQTL,AM7356,FNF,18,1,1,NA,NA,NA,NA,2022-03-09T00:00:00Z,1899-12-30T12:00:00Z,,156,,,,PASS,chQTL-AM7356-18_GATTCTGC-CTCTCGTC_HLWGVDSX3_L004_001.R1.fastq.gz,chQTL-AM7356-18_GATTCTGC-CTCTCGTC_HLWGVDSX3_L004_001.R2.fastq.gz,/proj/phanstiel_lab/Data/raw/CQTL/rna/Project_PHA_15073_B04_EXS_RNA.2022-05-23/Sample_chQTL-AM7356-18/fastq/,NA
